Object,Comp,Sample,Type,Jet_name,ObsDate5/9,ObsDate17/22,870mic_Flux,870mic_Flux_err,M_Clump,M_clump_err,Offset Clump Centre,R_eff,SurfaceDensity,SurfaceDensityErr,Outer25%?,J_Mag,J_Mag_err,H_Mag,H_Mag_err,K_Mag,K_Mag_err,J-H,H-K,MSX_8,MSX_8_e%,MSX_12,MSX_12_e%,MSX_14,MSX_14_e%,MSX_21,MSX_21_e%,IRAS_12,IRAS_12_e%,IRAS_25,IRAS_25_e%,IRAS_60,IRAS_60_e%,IRAS_100,IRAS_100_e%,WISE_3.35_mag,WISE_3.35_mag_e,WISE_4.6_mag,WISE_4.6_mag_e,WISE_11.6_mag,WISE_11.6_mag_e,WISE_22.1_mag,WISE_22.1_mag_e,AKARI_65,AKARI_65_e,AKARI_90,AKARI_90_e,AKARI_140,AKARI_140_e,AKARI_160,AKARI_160_e,Ratio_70_24,S.I.,S.I.Error,Gamma,GammaError,S_d^2,JML,JML_err,Cslinewidth,EM,EM_err,Original_Dist,Original_L_Bol,F_Bol,F_Bol_err_up,F_Bol_err_low,F_Bol_ref,V_lsr,V_lsr_err,V_lsr_method,Dist_kin,Dist_kin_err_up,Dist_kin_err_low,Dist_other,Dist_other_err_up,Dist_other_err_low,Dist_other_ref,Dist_other_method,Dist_used,L_bol,L_bol_err_up,L_bol_err_low,Notes
g010.8411,A,Filler,Jet,A,-,16/04/2011,-,-,-,-,-,-,-,-,-,16.27,0,13.16,0.11,9.67,0.05,3.11,3.49,10.94,4.1,21.78,5,36.43,6.1,173.66,6,25.7,5,347,4,2770,10,3710,12,4.41,0.034,2.141,0.408,-1.35,0.177,-4.814,0.001,2528,78.4,2029,0.658,1397,226,1618,304,9.5,0.96,0.16,-1.45,0.63,0.009311993,15.6,11.64,-,-,-,1.9,24000,2.07E-10,3.16E-11,3.16E-11,RMS,11.41,1.15,CO,1.8,0.28,0.38,-,-,-,-,-,K,2.09E+04,7.25E+03,9.40E+03,
g012.9090,A,Filler,Jet(C),A,-,11/09/2011,100.07,15.3,3179.46,486.12,6.1,82,2.138171923,0.326913418,FALSE,15.34,0.06,13.15,0.06,9.2,0,2.19,3.95,15.65,4.1,23.21,5,49.59,6.1,143.99,6,21.1,7,269,8,2230,23,6310,22,5.376,0.088,<.466,-,0.539,0.375,-3.234,0.026,922.8,364,1330,108,1539,326,2120,?,12.9,0.11,0.52,-,-,0.008002507,4.99,3.21,8.6,-,-,2.4,32000,1.21E-10,2.51E-11,2.51E-11,RMS,35.9,3.06,CO,3.64,0.38,0.34,-,-,-,-,-,K,5.02E+04,1.47E+04,1.40E+04,
g014.9958,A,Filler,Jet(C),A,-,11/09/2011,316.18,,6976.23,1052.68,60.13,66,4.538732794,0.684873239,TRUE,12.75,0.04,9.76,0.03,7.25,0.01,2.99,2.51,24.75,4.1,36.8,5,41.45,6.1,98.85,6,-,-,-,-,-,-,-,-,4.535,0.184,2.532,0.217,<-0.707,-,-4.162,?,-,-,853,63.4,3060,1280,10680,7170,4.4,1.71,0.58,<-0.42,-,0.001225493,4.02,3.83,-,-,-,2,13000,1.08E-10,9.29E-11,5.02E-11,RMS,19.89,2.26,CO,2.13,0.35,0.29,-,-,-,-,-,K,1.52E+04,1.41E+04,8.24E+03,
g251.2337,A,DL,Jet(C),A,27/02/2013,06/01/2012,-,-,-,-,-,-,-,-,-,15.23,0,13.52,0.11,10.56,0.04,1.71,2.96,2.86,4.1,3.21,5.6,5.08,6.2,20.67,6,<2.89,-,30.6,4,93.2,18,<203,-,7.487,0.022,5.671,0.024,2.133,0.007,-1.165,0.005,79.24,3.22,88.15,9.55,100.1,28.7,112,9.42,7.7,0.08,0.06,-,-,11.93424,27.05,16.34,2.9,-,-,4.6,8200,1.89E-11,2.30E-11,6.98E-12,RMS,54.42,0.89,CO,4.82,0.91,0.77,-,-,-,-,-,K,1.37E+04,1.75E+04,6.70E+03,
g254.0491,A,DL,Jet,A,27/02/2013,13/02/2010,-,-,-,-,-,-,-,-,-,14.88,0.08,12.76,0.08,11.25,0.05,2.12,1.51,1.46,4.1,2.54,5.6,3.7,6.2,17.32,6,-,-,-,-,-,-,-,-,8.793,0.022,7.816,0.02,2.866,0.014,-1.118,0.011,-,-,-,-,-,-,-,-,22,0.56,0.19,-0.93,0.19,0.16856,0.93,0.69,2,-,-,3,1700,1.38E-11,1.53E-12,1.53E-12,RMS,34.89,1.01,CO,3.34,0.81,0.74,-,-,-,-,-,K,4.80E+03,2.39E+03,2.19E+03,
g254.0548,C,DL,Jet(L),C,27/02/2013,13/02/2010,-,-,-,-,-,-,-,-,-,13.71,0.12,12.07,0.15,9.57,0.08,1.64,2.5,2.06,4.1,6.31,5.1,10.5,6.1,32.43,6,5.75,4,53.8,4,196,12,227,13,7.745,0.022,5.782,0.024,1.524,0.014,-1.715,0.002,157.9,12.4,149.4,44.9,137,9.45,159.3,36.3,9.2,0.22,0.19,-,-,2.8616,8.7,5.82,2.9,-,-,2.8,1900,2.08E-11,5.01E-12,5.01E-12,RMS,31.9,1.8,CS2-1,3.09,0.74,0.74,-,-,-,-,-,K,6.21E+03,3.33E+03,3.33E+03,
g254.0548,W,-,Lobe,C,27/02/2013,13/02/2010,-,-,-,-,-,-,-,-,-,13.71,0.12,12.07,0.15,9.57,0.08,1.64,2.5,-,-,-,-,-,-,-,-,-,-,-,-,-,-,-,-,-,-,-,-,-,-,-,-,-,-,-,-,-,-,-,-,-,-2.09,0.92,-,-,0.3136,-,-,2.9,-,-,2.8,1900,-,-,-,-,31.9,1.8,CS2-1,3.09,0.74,0.74,-,-,-,-,-,K,-,-,-,
g263.2283,A,DL,Jet,A,27/02/2013,13/02/2010,-,-,-,-,-,-,-,-,-,15.56,0,14.29,0.11,11.39,0.05,1.27,2.9,8.21,4.1,9.06,5,11.09,6.1,76.2,6,12.4,4,136,4,455,10,618,14,7.574,0.022,5.417,0.027,0.448,0.0147,-2.801,0.003,506.7,28.6,551.4,95.7,506,41.4,590.4,69.2,11.5,0.19,0.24,-0.05,Err:502,0.28616,2.07,1.31,2,-,-,0.7,1200,1.67E-11,4.28E-12,4.28E-12,RMS,5.39,0.8,CO,1.55,0.67,0.97,-,-,-,-,-,K,1.26E+03,1.13E+03,1.60E+03,
g263.7434,N,-,Lobe,S,27/02/2013,13/02/2010,-,-,-,-,-,-,-,-,-,15.4,0.13,12.25,0.08,9.01,0.03,3.15,3.24,-,-,-,-,-,-,-,-,-,-,-,-,-,-,-,-,-,-,-,-,-,-,-,-,-,-,-,-,-,-,-,-,-,-0.45,0.31,-,-,0.27538,-,-,-,-,-,0.7,1200,-,-,-,-,12.04,1.56,CO,2.01,1,0.71,-,-,-,-,-,K,-,-,-,
g263.7434,S,DL,Jet(L),S,27/02/2013,13/02/2010,-,-,-,-,-,-,-,-,-,15.4,0.13,12.25,0.08,9.01,0.03,3.15,3.24,30.83,4.1,52.62,5,70.29,6.1,93.48,6,44.9,4,130,4,343,14,407,23,4.667,0.223,<0.967,-,-0.34,0.358,-2.931,0.002,328.1,76.2,293.2,132,272.3,31.2,386.8,74.1,4,0.34,0.13,-0.84,0.16,0.42581,2,1.6,-,-,-,0.7,1200,3.43E-11,1.53E-11,1.53E-11,RMS,12.04,1.56,CO,2.01,1,0.71,-,-,-,-,-,K,4.34E+03,4.73E+03,3.62E+03,
g263.7759,A,DL,Jet(LC),A,27/02/2013,13/02/2010,-,-,-,-,-,-,-,-,-,14.64,0,12.61,0.09,9.64,0.04,2.03,2.97,7.54,4.1,10.14,5,13.76,6.1,65.55,6,8.7,4,88.1,4,327,14,1000,17,6.254,0.063,3.869,0.139,0.739,0.011,-2.524,0.002,487.6,29.2,553.1,34,599.1,74.8,691.4,60.9,8.4,0.52,0.39,-,-,0.000598436,-,-,4.3,-,-,0.7,1300,5.77E-11,2.35E-11,2.35E-11,RMS,4.27,1.39,CO,1.44,0.72,0.92,-,-,-,-,-,K,3.74E+03,4.04E+03,5.02E+03,
g263.7759,NW,-,Lobe,A,27/02/2013,13/02/2010,-,-,-,-,-,-,-,-,-,14.64,0,12.61,0.09,9.64,0.04,2.03,2.97,-,-,-,-,-,-,-,-,-,-,-,-,-,-,-,-,-,-,-,-,-,-,-,-,-,-,-,-,-,-,-,-,-,-0.78,0.8,<-1.17,-,0.001738164,-,-,4.3,-,-,0.7,1300,-,-,-,-,4.27,1.39,CO,1.44,0.72,0.92,-,-,-,-,-,K,-,-,-,
g265.1438,A,DL,Jet(C),A,-,06/01/2012,-,-,-,-,-,-,-,-,-,12.71,0.02,11.08,0.02,9.63,0.02,1.63,1.45,6.26,4.1,10.97,5,13.71,6.1,42.49,6,-,-,-,-,-,-,-,-,6.617,0.061,4.054,0.12,<-3.084,-,-3.358,?,-,-,-,-,-,-,-,-,7.4,0.54,0.79,-,-,0.0002075,1.06,0.88,-,-,-,0.7,719,4.62E-11,4.00E-11,2.17E-11,RMS,6.55,1.24,CO,1.88,0.72,1.05,-,-,-,-,-,K,5.10E+03,5.90E+03,6.18E+03,
g268.3957,,DL,ND,-,-,13/02/2010,-,-,-,-,-,-,-,-,-,15.71,0.07,11.8,0.04,8.34,0.03,3.91,3.46,13.61,4.1,18.88,5,27.34,6.1,50.35,6,17.7,5,87.9,5,333,9,493,10,4.76,0.176,<1.22,-,-0.051,0.044,-2.268,0.004,423.4,89.7,420.9,9.6,373.1,26.9,425.4,88.5,5.2,-,-,-,-,#VALUE!,-,-,-,-,-,0.7,3000,2.76E-11,1.14E-11,1.14E-11,RMS,11.62,1.27,CO,2.52,1.03,0.77,-,-,-,-,-,K,5.48E+03,5.02E+03,4.04E+03,
g269.1835,,DL,ND,-,27/02/2013,13/02/2010,-,-,-,-,-,-,-,-,-,15.79,0,15.3,0.17,14.13,0.15,0.49,1.17,3.321,4.1,5.5,5,2.53,6.3,5.688,6.1,-,-,-,-,-,-,-,-,8.612,0.024,8.116,0.021,2.088,0.019,0.275,0.081,402.8,28.6,312.6,8.53,274.8,79,232.8,85,16.7,-,-,-,-,#VALUE!,-,-,-,-,-,1.8,776,7.66E-12,2.55E-12,2.55E-12,RMS_RE,6,1.8,Avedisova et al (1989),2.24,0.87,0.98,1.8,0.6,0.6,Avedisova et al (1989),-,K,1.20E+03,1.02E+03,1.12E+03,
g274.0649,A,-,HCHII,-,27/02/2013,06/01/2012,-,-,-,-,-,-,-,-,-,15.27,0,13.21,0.09,10.04,0.04,2.06,3.17,-,-,-,-,-,-,-,-,-,-,-,-,-,-,-,-,-,-,-,-,-,-,-,-,-,-,-,-,-,-,-,-,-,R/O,R/O,-,-,2147.589,-,-,-,38900000,6240000,5.7,6000,-,-,-,-,38.68,2.12,CO,6.09,0.78,0.86,-,-,-,-,-,K,-,-,-,
g274.0649,B,-,UCHII,-,27/02/2013,06/01/2012,-,-,-,-,-,-,-,-,-,15.46,0.13,13.74,0.1,12.18,0.07,1.72,1.56,-,-,-,-,-,-,-,-,-,-,-,-,-,-,-,-,-,-,-,-,-,-,-,-,-,-,-,-,-,-,-,-,-,R/O,R/O,-,-,1436.058,-,-,-,-,-,5.7,33000,-,-,-,-,38.68,2.12,CO,6.09,0.78,0.86,-,-,-,-,-,K,-,-,-,
g274.0649,C,-,UCHII,-,27/02/2013,06/01/2012,-,-,-,-,-,-,-,-,-,16.57,0,15.07,0.09,13.01,0.08,1.5,2.06,-,-,-,-,-,-,-,-,-,-,-,-,-,-,-,-,-,-,-,-,-,-,-,-,-,-,-,-,-,-,-,-,-,-0.06,0.06,-,-,1458.801,-,-,-,-,-,5.7,1200,-,-,-,-,38.68,2.12,CO,6.09,0.78,0.86,-,-,-,-,-,K,-,-,-,
g274.0649,Core,DL,HCHII,-,27/02/2013,06/01/2012,-,-,-,-,-,-,-,-,-,15.27,0,13.21,0.09,10.04,0.04,2.06,3.17,5.5,4.1,9.58,5,16.78,6.1,124.63,6,18.6,16,265,13,<7500,-,<9810,-,8.617,0.02,6.458,0.014,-0.038,0.184,-4.596,0.001,-,-,-,-,-,-,-,-,66.9,0.81,0.47,-1.85,0.39,0.047748268,-,-,-,-,-,5.7,6000,2.63E-11,2.26E-10,4.65E-11,RMS,38.68,2.12,CO,6.09,0.78,0.86,-,-,-,-,-,K,3.05E+04,2.62E+05,5.46E+04,
g282.2988,,DL,ND,-,-,13/02/2010,6.08,1.18,459.13,89.11,,,-,-,-,10.22,0.03,8.36,0.03,6.97,0.01,1.86,1.39,6.19,4.1,8.91,5,10.66,6.1,18.06,6,8.7,7,22.7,4,56.8,10,<143,-,5.185,0.165,4.006,0.153,1.166,0.016,-0.939,0.007,67.57,2.76,55.27,3.5,95.48,7,121.7,11.6,3.2,-,-,-,-,#VALUE!,-,-,-,-,-,3.7,4000,9.60E-12,9.50E-13,9.50E-13,RMS,5.5,1.54,CO,4.51,0.92,0.85,-,-,-,-,-,K,6.10E+03,2.56E+03,2.38E+03,
g283.9146,,DL,ND,-,-,13/02/2010,6.66,1.26,882.05,166.87,5.2,10,10.51753497,1.98975235,TRUE,15.52,0,14.23,0,12.45,0.07,1.29,1.78,0.27,5.1,<0.57,-,<0.45,-,4.99,6.3,-,-,-,-,-,-,-,-,9.946,0.024,7.367,0.02,5.028,0.015,0.353,0.009,-,-,-,-,-,-,-,-,13.5,-,-,-,-,#VALUE!,-,-,-,-,-,4.9,6000,5.43E-12,4.70E-12,2.55E-12,RMS,11.8,1.44,CO,5.41,0.86,0.72,-,-,-,-,-,K,4.97E+03,4.58E+03,2.68E+03,
g284.2438,A,DL,UCHII,-,27/02/2013,13/02/2010,4.09,0.86,397.97,83.68,7,-,-,-,-,13.42,0.05,11.77,0.05,10.54,0.04,1.65,1.23,2.44,4.1,3.05,5.4,3.52,6.2,22.74,6,3.25,8,37.5,5,144,14,296,11,8.189,0.022,7.212,0.02,2.463,0.013,-1.344,0.01,134.6,9.24,83.04,14.3,149.6,17.3,159.4,20.1,12,-0.51,0.1,-0.28,0.06,22.5792,-,-,2.1,-,-,4.2,4400,3.21E-12,4.80E-13,4.80E-13,RMS,2.4,1.8,CS2-1,4.65,0.89,0.83,-,-,-,-,-,K,2.17E+03,8.92E+02,8.40E+02,
g284.2438,E,-,UK,-,27/02/2013,13/02/2010,4.09,0.86,397.97,83.68,7,-,-,-,-,13.42,0.05,11.77,0.05,10.54,0.04,1.65,1.23,-,-,-,-,-,-,-,-,-,-,-,-,-,-,-,-,-,-,-,-,-,-,-,-,-,-,-,-,-,-,-,-,-,<-0.76,-,-,-,#VALUE!,-,-,2.1,-,-,4.2,4400,-,-,-,-,2.4,1.8,CS2-1,4.65,0.89,0.83,-,-,-,-,-,K,-,-,-,
g286.2086,A,DL,ND,-,-,13/02/2010,44.53,6.97,1299.38,203.38,8.6,59,0.345428176,0.054066695,FALSE,18.03,0,17,0,13.9,0.1,1.03,3.1,1.35,4.1,2.88,5.4,7.18,6.1,40.57,6,-,-,-,-,-,-,-,-,-,-,-,-,-,-,-,-,-,-,-,-,-,-,-,-,49.2,-,-,-,-,#VALUE!,-,-,4.4,-,-,2.3,8000,4.71E-11,3.84E-12,3.84E-12,RMS,-20.23,1.62,CO,3.38,0.65,0.65,-,-,-,-,-,K,1.68E+04,6.62E+03,6.62E+03,Distance ambiguity; Far chosen based on closeness to Cheng et al (2018)
g286.2086,B,-,Jet(L),B,-,13/02/2010,44.53,6.97,1299.38,203.38,3.58,59,1.151862575,0.180290454,FALSE,17.004,0,15.509,0,13.369,0.115,1.495,2.14,-,-,-,-,-,-,-,-,-,-,-,-,-,-,-,-,-,-,-,-,-,-,-,-,-,-,-,-,-,-,-,-,-,0.77,0.61,-0.59,1.36,0.003890075,10.76,6.75,4.4,-,-,2.3,8000,-,-,-,-,-20.23,1.62,CO,3.38,0.65,0.65,-,-,-,-,-,K,-,-,-,Distance ambiguity; Far chosen based on closeness to Cheng et al (2018)
g286.2086,B2,-,Lobe,B,-,13/02/2010,44.53,6.97,1299.38,203.38,3.58,59,-,-,-,17.004,0,15.509,0,13.369,0.115,1.495,2.14,-,-,-,-,-,-,-,-,-,-,-,-,-,-,-,-,-,-,-,-,-,-,-,-,-,-,-,-,-,-,-,-,-,<-0.27,,-,-,#VALUE!,-,-,4.4,-,-,2.3,8000,-,-,-,-,-20.23,1.62,CO,3.38,0.65,0.65,-,-,-,-,-,K,-,-,-,Distance ambiguity; Far chosen based on closeness to Cheng et al (2018)
g287.3716,A,DL,UCHII,-,27/02/2013,13/02/2010,3.42,0.76,382.01,84.89,6.3,7,24.05731687,5.346000443,TRUE,10.44,0.02,8.92,0.03,7.46,0.02,1.52,1.46,10.66,4.1,16.05,5,21.48,6.1,62.25,6,15.7,4,108,4,391,11,380,12,5.571,0.095,3.909,0.126,0.204,0.02,-2.53,0.002,367.2,40,315.6,10.5,255.3,25,305.8,11.9,6,R/O,R/O,-,-,66.015,-,-,4.4,-,-,4.5,18000,2.85E-11,5.07E-12,5.07E-12,RMS,0.9,1.8,CS2-1,5.23,0.9,0.84,-,-,-,-,-,K,2.43E+04,9.43E+03,8.94E+03,
g287.8893,,DL,ND,-,27/02/2013,13/02/2010,-,-,-,-,-,-,-,-,-,11.51,0.04,10.98,0.05,10.6,0.05,0.53,0.38,1.84,4.1,2.42,5.6,2.11,6.5,9.6,6.1,-,-,-,-,-,-,-,-,7.956,0.02,7.398,0.018,3.077,0.018,-0.335,0.036,-,-,-,-,-,-,-,-,9.8,-,-,-,-,#VALUE!,-,-,-,-,-,2.6,646,2.42E-12,1.70E-11,3.19E-12,RMS,-21.5,0.72,CO,3.72,0.52,0.74,-,-,-,-,-,K,1.05E+03,7.37E+03,1.44E+03,Distance ambiguity; Far chosen based on closeness to G286.2086 (also Carina arm)
g298.2620,A,DL,DW,-,27/02/2013,11/09/2011,7.66,1.42,676.04,125.32,4,19,4.522126448,0.83828307,FALSE,17.18,0,14.87,0.14,11.07,0,2.31,3.8,0.527,4.4,1.201,7.8,3.35,6.3,25.43,6,1.81,9,64.5,4,628,8,796,9,8.408,0.022,6.162,0.02,3.615,0.014,-1.707,0.002,416.7,92.6,338,112,373.5,21.5,456.7,28,21.3,0.79,0.2,-1.09,0.33,2.96,10.86,6.86,-,-,-,4,15000,3.16E-11,2.91E-12,2.91E-12,RMS,-30.63,1.24,CO,5.21,0.72,0.68,-,-,-,-,-,K,2.68E+04,7.80E+03,7.41E+03,'Distance ambiguity; Far chosen on basis on range of distances in literature (3.8 ‚Äì 5.8kpc
g300.9674,N,Guzman,UCHII/HCHII,-,-,06/01/2012,47.92,7.47,4887.42,761.88,7,60,1.385100745,0.215917714,FALSE,16.44,0,15.3,0,14.06,0.07,1.14,1.24,5.44,4.1,13.09,5,16.6,6.1,70.22,6,79.5,5,351,14,5240,8,7980,8,-,-,-,-,-,-,-,-,2298,78.6,1201,107,2901,237,3803,311,24.1,0.06,0.43,-,-,9.219222281,-,-,4.5,-,-,4.3,45000,4.10E-12,1.38E-10,3.69E-11,RMS,-43,1.8,CS2-1,5.25,0.55,0.55,-,-,-,-,-,K,3.53E+03,1.19E+05,3.18E+04,Distance ambiguity; Far chosen on basis on range of distances in literature for GUM 43 (galaxymap.org/cat/view/gum/43)
g300.9674,S,-,HCHII,-,-,06/01/2012,47.92,7.47,4887.42,761.88,4,60,1.198572846,0.18684064,FALSE,16.44,0,15.3,0,14.06,0.07,1.14,1.24,-,-,-,-,-,-,-,-,-,-,-,-,-,-,-,-,-,-,-,-,-,-,-,-,-,-,-,-,-,-,-,-,-,-2.09,0.47,<-0.15,-,0.419839005,-,-,4.5,-,-,4.3,-,-,-,-,-,-43,1.8,CS2-1,5.25,0.55,0.55,-,-,-,-,-,K,-,-,-,Distance ambiguity; Far chosen on basis on range of distances in literature for GUM 43 (galaxymap.org/cat/view/gum/43)
g301.1364,S,Guzman,HCHII,-,-,11/09/2011,58.64,9.08,5980.77,926.08,2.2,37,3.856922762,0.597217253,FALSE,-,-,-,-,-,-,#VALUE!,#VALUE!,1.41,4.1,5.3,5.1,17.92,6.1,120.23,6,7.79,8,309,6,7560,7,9300,10,9.544,0.025,6.654,0.015,1,0.016,-3.899,0.003,3494,937,2139,69.3,5703,603,6256,232,55.1,1.03,0.04,-0.21,0.02,7.79830714,-,-,5.3,1190000000,170000000,4.3,380000,6.45E-10,2.15E-10,2.15E-10,RMS_RE,-39.6,1.8,?,5.37,0.66,0.57,-,-,-,-,-,K,5.82E+05,2.41E+05,2.30E+05,Distance ambiguity; Near chosen based upon far HISA determination of Green and McClure-Griffiths 2011)
g301.1364,N,-,HCHII,-,-,11/09/2011,58.64,9.08,5980.77,926.08,9,37,3.856922762,0.597217253,FALSE,-,-,-,-,-,-,#VALUE!,#VALUE!,-,-,-,-,-,-,-,-,-,-,-,-,-,-,-,-,-,-,-,-,-,-,-,-,-,-,-,-,-,-,-,-,-,0.28,0.2,0.16,0.21,3.017405844,-,-,5.3,79100000,12900000,4.3,380000,-,-,-,-,-39.6,1.8,?,5.37,0.66,0.57,-,-,-,-,-,K,-,-,-,Distance ambiguity; Near chosen based upon far HISA determination of Green and McClure-Griffiths 2011)
g305.1940,,EGO,ND,-,27/02/2013,-,23.12,3.75,2040.49,330.96,3.4,39,1.184384034,0.19210275,FALSE,14.78,0,14.93,0.1,12.03,0,-0.15,2.9,0.41,4.4,0.57,10.8,0.92,7.4,5.41,6.2,-,-,-,-,-,-,-,-,9.82,0.03,7.693,0.024,4.614,0.032,-0.32,0.033,-,-,-,-,-,-,-,-,15.3,-,-,-,-,#VALUE!,-,-,-,-,-,4,6900,1.10E-12,9.86E-12,2.06E-12,RMS,-32.5,1.8,?,7.09,0.67,0.62,-,-,-,-,-,K,1.73E+03,1.55E+04,3.25E+03,Distance ambiguity; Far chosen based on closeness to Whitaker et al (2017)
g305.2017,E,-,ND,-,-,06/01/2012,68.11,10.5,6011.15,926.69,25.9,59,1.761804622,0.271603059,TRUE,-,-,-,-,-,-,#VALUE!,#VALUE!,-,-,-,-,-,-,-,-,-,-,-,-,-,-,-,-,-,-,-,-,-,-,-,-,-,-,-,-,-,-,-,-,-,-1.03,0.86,-,-,0.028678885,-,-,7.5,-,-,4,30000,-,-,-,-,-41,1.8,CS2-1,6.59,0.4,0.92,-,-,-,-,-,K,-,-,-,Distance ambiguity; Far chosen based on closeness to Whitaker et al (2017)
g305.2017,C,DL,UK,-,-,06/01/2012,68.11,10.5,6011.15,926.69,25.9,59,1.761804622,0.271603059,TRUE,14.24,0.03,11.73,0.05,9.43,0.03,2.51,2.3,19.22,4.1,64.65,5,109.66,6.1,265.91,6,28.3,10,250,20,3170,18,8160,17,6.694,0.014,3.468,0.083,-3.53,0.089,-5.481,?,939,315,1228,193,2192,250,3428,497,12.6,-1.06,2.11,-,-,0.019027048,-,-,7.5,-,-,4,30000,1.22E-10,2.07E-11,2.07E-11,RMS,-41,1.8,CS2-1,6.59,0.4,0.92,-,-,-,-,-,K,1.65E+05,3.45E+04,5.40E+04,Distance ambiguity; Far chosen based on closeness to Whitaker et al (2017)
g305.2017,W,-,UK,-,-,06/01/2012,68.11,10.5,6011.15,926.69,25.9,59,1.761804622,0.271603059,TRUE,-,-,-,-,-,-,#VALUE!,#VALUE!,-,-,-,-,-,-,-,-,-,-,-,-,-,-,-,-,-,-,-,-,-,-,-,-,-,-,-,-,-,-,-,-,-,1.62,0.33,1.75,0.45,0.011649191,-,-,7.5,-,-,4,30000,-,-,-,-,-41,1.8,CS2-1,6.59,0.4,0.92,-,-,-,-,-,K,-,-,-,Distance ambiguity; Far chosen based on closeness to Whitaker et al (2017)
g305.5610,Core,DL,HCHII,-,27/02/2013,06/01/2012,27.38,4.39,2416.46,387.45,6.3,52,0.911752854,0.146188492,FALSE,15.67,0,12.58,0.09,9.68,0.05,3.09,2.9,10.64,4.1,17.26,5,20.97,6.1,91.55,6,-,-,-,-,-,-,-,-,5.777,0.03,3.746,0.061,<-2.12,-,-4.047,0.012,-,-,-,-,-,-,-,-,11.3,0.02,0.33,<-2.07,-,0.066034689,-,-,4.1,227000000,9080000,4,12000,8.43E-11,6.76E-12,6.76E-12,RMS,-40.51,1.36,CO,3,0.84,0.46,-,-,-,-,-,K,2.37E+04,1.34E+04,7.52E+03,Distance ambiguity; Near chosen on basis of RMS spectropolarimetric distance
g305.5610,A,-,UCHII,-,27/02/2013,06/01/2012,27.38,4.39,2416.46,387.45,3.94,52,0.911752854,0.146188492,FALSE,15.67,0,12.58,0.09,9.68,0.05,3.09,2.9,-,-,-,-,-,-,-,-,-,-,-,-,-,-,-,-,-,-,-,-,-,-,-,-,-,-,-,-,-,-,-,-,-,R/O,R/O,-,-,849.6,-,-,4.1,-,-,4,12000,-,-,-,-,-40.51,1.36,CO,3,0.84,0.46,-,-,-,-,-,K,-,-,-,Distance ambiguity; Near chosen on basis of RMS spectropolarimetric distance
g308.9176,A,DL,UCHII,-,27/02/2013,06/01/2012,17.32,2.88,2683.65,446.24,2.6,40,1.711236787,0.284546161,FALSE,14.49,0.06,9.75,0.03,6.37,0.02,4.74,3.38,155.06,4.1,280.83,5,417.37,6.1,442.12,6,251,5,602,5,2700,9,3570,15,<1.836,-,<-1.284,-,-2.068,0.468,-3.924,0.004,1506,434,849.1,208,1437,127,1939,293,3.8,0.48,0.14,-,-,1.442797694,-,-,-,-,-,5.3,90000,2.15E-10,2.62E-11,2.62E-11,RMS,-50.43,1.59,CO,3.65,0.77,0.48,-,-,-,-,-,K,8.95E+04,3.93E+04,2.59E+04,Distance ambiguity; Near chosen based upon Green and McClure-Griffiths 2011)
g310.0135,N,-,Lobe,S,27/02/2013,11/09/2011,21.15,3.45,1194.64,194.87,6.9,42,0.39355998,0.06419761,FALSE,11.85,0.03,7.57,0.01,4.87,0.02,4.28,2.7,-,-,-,-,-,-,-,-,-,-,-,-,-,-,-,-,-,-,-,-,-,-,-,-,-,-,-,-,-,-,-,-,-,-0.17,0.12,-,-,8.40704,-,-,-,-,-,3.2,67000,-,-,-,-,-40.68,1.63,CO,3.96,0.7,0.48,-,-,-,-,-,K,-,-,-,Distance ambiguity: Near chosen due in line with literature estimates
g310.0135,S,DL,Jet(L),S,27/02/2013,11/09/2011,21.15,3.45,1194.64,194.87,6.9,42,1.079599592,0.176104578,FALSE,11.85,0.03,7.57,0.01,4.87,0.02,4.28,2.7,72.99,4.1,126.08,5,160.78,6.1,258.92,6,131,4,375,4,1550,14,2040,23,<1.957,-,<-0.604,-,-0.916,0.357,-3.21,0.009,1426,176,786.1,156,1128,124,1233,119,4.8,1.27,0.18,>-1.52,-,4.27008,15.69,9.67,-,-,-,3.2,67000,1.66E-10,2.24E-11,2.24E-11,RMS,-40.68,1.63,CO,3.96,0.7,0.48,-,-,-,-,-,K,8.14E+04,3.08E+04,2.26E+04,Distance ambiguity: Near chosen due in line with literature estimates
g310.1420,A1,DL,Jet(L),A1,27/02/2013,06/01/2012,14.17,2.4,2279.21,386.03,2.78,32,3.548204405,0.600959695,FALSE,17.88,0,15.96,0,13.54,0.12,1.92,2.42,2.2,4.1,2.68,5.6,2.24,6.5,18.17,6,<3.99,-,58,6,1060,13,1780,15,8.77,0.021,6.166,0.022,3.19,0.014,-1.498,0.004,737.4,171,5584.1,249,1210,195,1362,201,24.2,0.21,0.16,-0.84,0.28,39.9492,38.11,22.99,5.6,-,-,5.4,8000,5.17E-12,1.51E-12,1.51E-12,RMS,-55.3,1.8,CS2-1,6.67,0.64,0.6,-,-,-,-,-,K,7.19E+03,2.51E+03,2.47E+03,Distance ambiguity; Far chosen based on closeness to literature estimates of 5.4kpc
g310.1420,A2,-,Lobe,A1,27/02/2013,06/01/2012,14.17,2.4,2279.21,386.03,3.24,32,1.24600868,0.211036601,FALSE,17.88,0,15.96,0,13.54,0.12,1.92,2.42,-,-,-,-,-,-,-,-,-,-,-,-,-,-,-,-,-,-,-,-,-,-,-,-,-,-,-,-,-,-,-,-,-,-0.28,0.16,-0.06,0.26,57.4452,-,-,5.6,-,-,5.4,8000,-,-,-,-,-55.3,1.8,CS2-1,6.67,0.64,0.6,-,-,-,-,-,K,-,-,-,Distance ambiguity; Far chosen based on closeness to literature estimates of 5.4kpc
g310.1420,A3,-,Lobe,A1,27/02/2013,06/01/2012,14.17,2.4,2279.21,386.03,3.81,32,1.24600868,0.211036601,FALSE,17.88,0,15.96,0,13.54,0.12,1.92,2.42,-,-,-,-,-,-,-,-,-,-,-,-,-,-,-,-,-,-,-,-,-,-,-,-,-,-,-,-,-,-,-,-,-,-0.76,0.16,-0.69,0.82,40.824,-,-,5.6,-,-,5.4,8000,-,-,-,-,-55.3,1.8,CS2-1,6.67,0.64,0.6,-,-,-,-,-,K,-,-,-,Distance ambiguity; Far chosen based on closeness to literature estimates of 5.4kpc
g310.1420,A4,-,Lobe,A1,27/02/2013,06/01/2012,14.17,2.4,2279.21,386.03,5.06,32,1.24600868,0.211036601,FALSE,17.88,0,15.96,0,13.54,0.12,1.92,2.42,-,-,-,-,-,-,-,-,-,-,-,-,-,-,-,-,-,-,-,-,-,-,-,-,-,-,-,-,-,-,-,-,-,-0.73,0.21,-0.93,0.82,27.17712,-,-,5.6,-,-,5.4,8000,-,-,-,-,-55.3,1.8,CS2-1,6.67,0.64,0.6,-,-,-,-,-,K,-,-,-,Distance ambiguity; Far chosen based on closeness to literature estimates of 5.4kpc
g310.1420,B,-,Lobe,A1,27/02/2013,06/01/2012,14.17,2.4,2279.21,386.03,2.79,32,1.24600868,0.211036601,FALSE,17.88,0,15.96,0,13.54,0.12,1.92,2.42,-,-,-,-,-,-,-,-,-,-,-,-,-,-,-,-,-,-,-,-,-,-,-,-,-,-,-,-,-,-,-,-,-,1.07,0.13,1.44,0.64,11.3724,-,-,5.6,-,-,5.4,8000,-,-,-,-,-55.3,1.8,CS2-1,6.67,0.64,0.6,-,-,-,-,-,K,-,-,-,Distance ambiguity; Far chosen based on closeness to literature estimates of 5.4kpc
g310.1420,C,-,Lobe,A1,27/02/2013,06/01/2012,14.17,2.4,2279.21,386.03,4.53,32,1.24600868,0.211036601,FALSE,17.88,0,15.96,0,13.54,0.12,1.92,2.42,-,-,-,-,-,-,-,-,-,-,-,-,-,-,-,-,-,-,-,-,-,-,-,-,-,-,-,-,-,-,-,-,-,-1.69,0.19,-0.92,0.41,30.618,-,-,5.6,-,-,5.4,8000,-,-,-,-,-55.3,1.8,CS2-1,6.67,0.64,0.6,-,-,-,-,-,K,-,-,-,Distance ambiguity; Far chosen based on closeness to literature estimates of 5.4kpc
g310.1420,D,-,Lobe,A1,27/02/2013,06/01/2012,14.17,2.4,2279.21,386.03,7.38,32,1.24600868,0.211036601,FALSE,17.88,0,15.96,0,13.54,0.12,1.92,2.42,-,-,-,-,-,-,-,-,-,-,-,-,-,-,-,-,-,-,-,-,-,-,-,-,-,-,-,-,-,-,-,-,-,-0.46,0.21,-0.01,0.09,56.2788,-,-,5.6,-,-,5.4,8000,-,-,-,-,-55.3,1.8,CS2-1,6.67,0.64,0.6,-,-,-,-,-,K,-,-,-,Distance ambiguity; Far chosen based on closeness to literature estimates of 5.4kpc
g310.1420,E,-,HII,-,27/02/2013,06/01/2012,14.17,2.4,2279.21,386.03,8.67,32,1.24600868,0.211036601,FALSE,15.84,0,14.34,0.12,12.13,0.08,1.5,2.21,-,-,-,-,-,-,-,-,-,-,-,-,-,-,-,-,-,-,-,-,-,-,-,-,-,-,-,-,-,-,-,-,-,-1.78,0.69,0.07,-1.05,2.71188,-,-,5.6,-,-,5.4,40000,4.68E-11,3.32E-12,3.32E-12,RMS,-55.3,1.8,CS2-1,6.67,0.64,0.6,-,-,-,-,-,K,6.51E+04,1.33E+04,1.26E+04,Distance ambiguity; Far chosen based on closeness to literature estimates of 5.4kpc
g313.7654,A1,EGO,Jet(L),A1,27/02/2013,-,19.23,3.16,6453.49,1060.48,3.98,34,3.125168866,0.51354834,FALSE,16.17,0,14.6,0.12,12.09,0.07,1.57,2.51,0.9169,4.2,0.9454,8,1.194,7,8.615,6.1,3.89,7,22,8,340,15,900,23,9.953,0.033,6.521,0.021,4.863,0.02,-0.211,0.015,300,33,445.1,32.1,442.8,31.2,561.4,62.4,23.2,0.32,0.11,-,-,35.5914,99.38,59.99,5.3,-,-,7.8,61000,3.19E-11,1.06E-11,1.06E-11,RMS_RE,-50.5,1.8,?,8.16,0.54,0.63,-,-,-,-,-,K,6.64E+04,2.38E+04,2.44E+04,Distance ambiguity; Far chosen based on closeness to literature estimates of 7.8kpc
g313.7654,A2,-,Lobe,A1,27/02/2013,-,19.23,3.16,6453.49,1060.48,5.26,34,1.497862001,0.246138554,FALSE,16.17,0,14.6,0.12,12.09,0.07,1.57,2.51,-,-,-,-,-,-,-,-,-,-,-,-,-,-,-,-,-,-,-,-,-,-,-,-,-,-,-,-,-,-,-,-,-,-0.68,0.86,-1.37,0.5,8.5176,-,-,5.3,-,-,7.8,61000,-,-,-,-,-50.5,1.8,?,8.16,0.54,0.63,-,-,-,-,-,K,-,-,-,Distance ambiguity; Far chosen based on closeness to literature estimates of 7.8kpc
g313.7654,B1,-,Lobe,A1,27/02/2013,-,19.23,3.16,6453.49,1060.48,3.48,34,1.497862001,0.246138554,FALSE,16.17,0,14.6,0.12,12.09,0.07,1.57,2.51,-,-,-,-,-,-,-,-,-,-,-,-,-,-,-,-,-,-,-,-,-,-,-,-,-,-,-,-,-,-,-,-,-,-0.96,0.34,-0.78,0.41,16.97436,-,-,5.3,-,-,7.8,61000,-,-,-,-,-50.5,1.8,?,8.16,0.54,0.63,-,-,-,-,-,K,-,-,-,Distance ambiguity; Far chosen based on closeness to literature estimates of 7.8kpc
g313.7654,B2,-,Lobe,A1,27/02/2013,-,19.23,3.16,6453.49,1060.48,1.71,34,1.497862001,0.246138554,FALSE,16.17,0,14.6,0.12,12.09,0.07,1.57,2.51,-,-,-,-,-,-,-,-,-,-,-,-,-,-,-,-,-,-,-,-,-,-,-,-,-,-,-,-,-,-,-,-,-,1.9,0.77,-,-,7.3008,-,-,5.3,-,-,7.8,61000,-,-,-,-,-50.5,1.8,?,8.16,0.54,0.63,-,-,-,-,-,K,-,-,-,Distance ambiguity; Far chosen based on closeness to literature estimates of 7.8kpc
g313.7654,C,-,Lobe,A1,27/02/2013,-,19.23,3.16,6453.49,1060.48,8.49,34,1.497862001,0.246138554,FALSE,16.17,0,14.6,0.12,12.09,0.07,1.57,2.51,-,-,-,-,-,-,-,-,-,-,-,-,-,-,-,-,-,-,-,-,-,-,-,-,-,-,-,-,-,-,-,-,-,0.04,0.18,-,-,25.18776,-,-,5.3,-,-,7.8,61000,-,-,-,-,-50.5,1.8,?,8.16,0.54,0.63,-,-,-,-,-,K,-,-,-,Distance ambiguity; Far chosen based on closeness to literature estimates of 7.8kpc
g313.7654,D,-,Lobe,A1,27/02/2013,-,19.23,3.16,6453.49,1060.48,9.44,34,1.497862001,0.246138554,FALSE,16.17,0,14.6,0.12,12.09,0.07,1.57,2.51,-,-,-,-,-,-,-,-,-,-,-,-,-,-,-,-,-,-,-,-,-,-,-,-,-,-,-,-,-,-,-,-,-,-0.32,0.42,-,-,7.605,-,-,5.3,-,-,7.8,61000,-,-,-,-,-50.5,1.8,?,8.16,0.54,0.63,-,-,-,-,-,K,-,-,-,Distance ambiguity; Far chosen based on closeness to literature estimates of 7.8kpc
g313.7654,E,-,HII,-,27/02/2013,-,19.23,3.16,6453.49,1060.48,7.59,34,1.497862001,0.246138554,FALSE,16.17,0,14.6,0.12,12.09,0.07,1.57,2.51,-,-,-,-,-,-,-,-,-,-,-,-,-,-,-,-,-,-,-,-,-,-,-,-,-,-,-,-,-,-,-,-,-,-0.3,0.57,1.21,0.33,20.86812,-,-,5.3,-,-,7.8,61000,-,-,-,-,-50.5,1.8,?,8.16,0.54,0.63,-,-,-,-,-,K,-,-,-,Distance ambiguity; Far chosen based on closeness to literature estimates of 7.8kpc
g317.4298,Core,Guzman,HCHII,-,27/02/2013,-,7.83,1.44,8708.93,1601.64,1,26,3.456631658,0.635701461,FALSE,16.04,0,14.38,0,10.88,0.04,1.66,3.5,9.68,4.1,23.05,5,36.42,6.1,55.24,6,24.1,5,108,4,962,11,1290,12,6.172,0.057,3.651,0.127,-0.312,0.361,-2.612,0.007,664,24.5,603.2,22.7,413.4,121,487.8,75.9,8.7,0.94,0.05,-1.08,0.07,4859.524,-,-,3.5,229000000,77000000,14.2,350000,4.56E-11,4.83E-12,4.83E-12,RMS,27.4,1.8,CS2-1,14.37,0.69,0.58,-,-,-,-,-,K,2.94E+05,4.21E+04,3.92E+04,
g317.4298,SE,-,UCHII,-,27/02/2013,-,7.83,1.44,8708.93,1601.64,1,26,1.042955118,0.191807563,FALSE,16.04,0,14.38,0,10.88,0.04,1.66,3.5,-,-,-,-,-,-,-,-,-,-,-,-,-,-,-,-,-,-,-,-,-,-,-,-,-,-,-,-,-,-,-,-,-,-1.11,0.08,-,-,5706.412,-,-,3.5,-,-,14.2,350000,-,-,-,-,27.4,1.8,CS2-1,14.37,0.69,0.58,-,-,-,-,-,K,-,-,-,
g317.8908,A,Guzman,HCHII,-,-,16/04/2011,6.11,1.17,6233.69,1193.69,2.98,26,0.746527862,0.142952704,FALSE,15.06,0,13.96,0,14.09,0.11,1.1,-0.13,1.24,4.1,2.32,5.6,2.98,6.3,12.13,6,<5.13,-,31.1,6,324,12,<541,-,-,-,-,-,-,-,-,-,350.3,35.6,218,26.7,285.6,33.9,359.8,33.6,23.3,-0.69,0.09,-0.21,0.21,4.50360086,-,-,4.1,68500000,8030000,13.6,63000,4.93E-12,1.03E-12,1.03E-12,RMS,18.6,1.8,CS2-1,13.72,0.64,0.48,-,-,-,-,-,K,2.90E+04,6.64E+03,6.39E+03,
g317.9830,,-,ND,-,27/02/2013,11/09/2011,-,-,-,-,-,-,-,-,-,10.7,0.02,9.99,0.02,9.6,0.02,0.71,0.39,0.09187,9,<0.6181,-,1.452,6.8,7.326,6.1,-,-,-,-,-,-,-,-,-,-,-,-,-,-,-,-,-,-,-,-,-,-,-,-,-,-,-,-,-,#VALUE!,-,-,-,-,-,3.1,544,7.97E-12,6.89E-12,3.72E-12,RMS,-44.62,1.46,CO,2.76,0.44,0.35,-,-,-,-,-,K,1.90E+03,1.75E+03,1.01E+03,Distance ambiguity; Near chosen based upon RMS decision
g318.9480,A,DL,Jet(C),A,27/02/2013,11/09/2011,20.07,3.29,637.67,104.53,5.2,30,1.203522715,0.197287358,FALSE,16.27,0,13.96,0,10.9,0.03,2.31,3.06,5.42,4.1,11.62,5,22.75,6.1,55.51,6,-,-,-,-,-,-,-,-,9.148,0.026,8.928,0.022,4.021,0.013,-0.199,0.02,843.9,257,475.7,186,807.9,77.3,1200,150,34.8,0.69,0.22,>-0.86,-,0.55872,5.18,3.42,-,-,-,2.4,10000,3.56E-11,4.04E-12,4.04E-12,RMS,-34.68,1.63,CO,2.17,0.35,0.35,-,-,-,-,-,K,5.24E+03,1.79E+03,1.79E+03,Distance ambiguity; Near chosen based upon RMS decision
g326.6618,A,DL,Jet(C),A,27/02/2013,16/04/2011,14.9,2.51,266.29,44.86,7.82,53,0.268661123,0.045259446,FALSE,15.51,0,13.3,0,11.83,0.06,2.21,1.47,19.77,4.1,69.82,5,111.43,6.1,168.61,6,56.7,7,232,8,<10500,-,<16800,-,7.422,0.018,3.591,0.121,-1.872,?,-,-,494.3,146,299.4,85.3,850.9,106,761.2,128,11.7,1.02,0.69,-0.07,2.42,0.001278679,4.05,3.62,-,-,-,1.8,14000,1.49E-10,5.77E-11,5.77E-11,RMS,-39.72,1.36,CO,2.5,0.28,0.32,-,-,-,-,-,K,2.91E+04,1.30E+04,1.35E+04,Distance ambiguity; Near chosen based upon RMS spectrophotometric distance
g326.6618,W,-,UK,-,27/02/2013,16/04/2011,14.9,2.51,266.29,44.86,9.3,53,0.477619774,0.080461238,FALSE,-,-,-,-,-,-,#VALUE!,#VALUE!,-,-,-,-,-,-,-,-,-,-,-,-,-,-,-,-,-,-,-,-,-,-,-,-,-,-,-,-,-,-,-,-,-,-0.02,0.11,0.47,0.3,2.81232,8.82,5.51,-,-,-,1.8,14000,-,-,-,-,-39.72,1.36,CO,2.5,0.28,0.32,-,-,-,-,-,K,-,-,-,Distance ambiguity; Near chosen based upon RMS spectrophotometric distance
g327.1192,A,DL,Jet,A,27/02/2013,16/04/2011,13.08,2.23,1732.31,295.34,5.1,32,8.523242555,1.453120086,FALSE,16.54,0,14.62,0.07,11.55,0.03,1.92,3.07,2.23,4.1,5.86,5.1,11.38,6.1,30.43,6,5.97,7,74.7,9,988,16,1420,15,8.505,0.022,5.263,0.037,1.503,0.029,-1.909,0.005,517.7,145,395.2,155,756,127,801.8,68.9,17.7,0.16,0.09,-,-,11.21267,22.46,13.88,5.5,-,-,4.9,37000,5.54E-11,6.40E-12,6.40E-12,RMS,-83.6,1.8,CS2-1,4.82,0.63,0.43,-,-,-,-,-,K,4.03E+04,1.15E+04,8.55E+03,Distance ambiguity; Near chosen based upon RMS decision
g331.3576,A,DL,Jet(C),A,27/02/2013,11/09/2011,17.48,2.9,1952.51,323.93,5.76,37,0.969665309,0.160871741,FALSE,12.56,0.03,11.07,0.04,9.65,0.04,1.49,1.42,10.52,4.1,19.34,5,21.17,6.1,33.53,6,52.2,6,255,5,2450,12,4360,13,-,-,-,-,-,-,-,-,1083,224,617.8,109,1223,208,914.5,356,14.5,0.48,0.09,-,-,52.65,95.24,57.8,3.1,-,-,4.5,18000,9.27E-11,8.02E-11,4.34E-11,RMS,-78.3,1.8,CS2-1,4.52,0.53,0.35,-,-,-,-,-,K,5.92E+04,5.30E+04,2.92E+04,Distance ambiguity; Near chosen based upon RMS decision
g331.4904,A,-,HCHII,-,27/02/2013,11/09/2011,,,10554.92,1623.09,2.3,81,1.296832976,0.199421373,FALSE,16.34,0,15.3,0,14.36,0.07,1.04,0.94,-,-,-,-,-,-,-,-,-,-,-,-,-,-,-,-,-,-,-,-,-,-,-,-,-,-,-,-,-,-,-,-,-,0,0.12,0.177540049,0.09,1197.5,-,-,-,-,-,5,51000,3.69E-11,6.10E-13,6.10E-13,RMS,-81,1.8,RMS,4.76,0.46,0.46,-,-,-,-,-,K,2.61E+04,5.07E+03,5.07E+03,
g331.5414,A,EGO,HCHII,-,27/02/2013,-,65.08,10.05,8974.58,1385.9,13.2,74,1.070125855,0.165254243,FALSE,16.42,0,13.65,0.08,11.86,0.07,2.77,1.79,6.55,4.1,35.72,5,54.31,6.1,120.07,6,-,-,-,-,-,-,-,-,-,-,-,-,-,-,-,-,-,-,-,-,-,-,-,-,26,0.403856341,0.06,-0.68,0.12,5150,-,-,-,244000000,36400000,5,60000,1.31E-10,1.13E-10,6.10E-11,RMS,-88.65,2.11,CO,5.1,0.6,0.48,-,-,-,-,-,K,1.06E+05,9.51E+04,5.35E+04,Distance ambiguity; Near chosen based upon RMS decision
g331.5131,A,0,HCHII,-,27/02/2013,-,,,7972.04,1235.59,2.2,37,3.802333556,0.589325357,FALSE,14.67,0,14.09,0,14.24,0.09,0.58,-0.15,-,-,-,-,-,-,-,-,-,-,-,-,-,-,-,-,-,-,-,-,-,-,-,-,-,-,-,-,-,-,-,-,-,0.569449783,0.05,-0.84,0.27,2105,-,-,-,-,-,5,110000,1.41E-10,4.69E-11,4.69E-11,RMS_RE,-88.9,1.8,RMS,5.17,0.53,0.53,-,-,-,-,-,K,1.18E+05,4.60E+04,4.60E+04,
g331.5582,A,0,HCHII,-,27/02/2013,-,,,8072.68,1258.12,9.9,70,1.075736302,0.167652546,FALSE,16.04,0,14.92,0,13.16,0.07,1.12,1.76,-,-,-,-,-,-,-,-,-,-,-,-,-,-,-,-,-,-,-,-,-,-,-,-,-,-,-,-,-,-,-,-,-,-0.943022374,0.23,-0.343129775,0.26,1176.725,-,-,-,-,-,5.5,49000,6.78E-12,9.26E-11,2.27E-11,RMS,-100.2,1.8,RMS,5.83,0.48,0.62,-,-,-,-,-,K,7.20E+03,9.83E+04,2.41E+04,
g332.0939,W,DL,Jet(L),W,27/02/2013,16/04/2011,33.06,5.24,2413,396,1.82,50,0.520854147,0.085477929,FALSE,15.29,0.08,9.56,0.03,5.91,0.02,5.73,3.65,85.1,4.1,127.3,5,170.63,6.1,182.27,6,119,8,290,6,<6230,-,<8650,-,-,-,-,-,-,-,-,-,1182,431,833.2,370,1446,130,1975,207,3.9,1.49,0.03,-,-,15.9408,74.27,45.61,-,1270000000,210000000,3.6,93000,1.98E-10,1.71E-10,9.26E-11,RMS,-56.5,1.8,?,3.46,0.37,0.29,-,-,-,-,-,K,7.42E+04,6.61E+04,3.68E+04,Distance ambiguity; Near chosen based upon RMS spectrophotometric distance
g332.0939,E,-,Lobe,W,27/02/2013,16/04/2011,33.06,5.24,2413,396,2.52,50,1.215728237,0.199514456,FALSE,15.29,0.08,9.56,0.03,5.91,0.02,5.73,3.65,-,-,-,-,-,-,-,-,-,-,-,-,-,-,-,-,-,-,-,-,-,-,-,-,-,-,-,-,-,-,-,-,-,1.24,0.65,-,-,7.50384,-,-,-,-,-,3.6,93000,-,-,-,-,-56.5,1.8,?,3.46,0.37,0.29,-,-,-,-,-,K,-,-,-,Distance ambiguity; Near chosen based upon RMS spectrophotometric distance
g332.8256,A,DL,UCHII,-,27/02/2013,16/04/2011,139.92,21.27,10112,1592,1.7,79,2.040807509,0.321298018,FALSE,17.212,0,13.103,0.085,8.934,0.03,4.109,4.169,24.29,4.1,83.46,5,166.15,6.1,771.02,6,104,6,1480,5,11400,12,20400,12,6.118,0.037,2.275,0.207,-2.045,0.261,-4.464,0.018,-,-,-,-,-,-,-,-,19.3,HII,HII,-,-,44582.4,-,-,-,182000000,53000000,3.6,130000,4.66E-10,7.46E-11,7.46E-11,RMS,-57.68,3.65,CO,3.55,0.45,0.32,-,-,-,-,-,K,1.84E+05,5.51E+04,4.43E+04,Distance ambiguity; Near chosen based upon RMS spectrophotometric distance
g332.9868,A,DL,Jet(C),A,27/02/2013,06/01/2012,68.54,10.57,5104,814,7.6,123,0.424932108,0.067769345,FALSE,17.64,0,13.69,0.04,9.3,0.02,3.95,4.39,7.05,4.1,19.58,5,31.64,6.1,63.73,6,-,-,-,-,-,-,-,-,6.477,0.038,3.547,0.209,-2.007,0.133,-,-,-,-,-,-,-,-,-,-,11.5,1.27,0.14,-,-,50.2848,65.54,30,-,1340000000,170000000,3.6,18000,6.61E-11,1.43E-11,1.43E-11,RMS,-54.95,3.98,CO,3.4,0.46,0.29,-,-,-,-,-,K,2.39E+04,8.27E+03,6.58E+03,Distance ambiguity; Near chosen based upon RMS spectrophotometric distance
g337.8442,A,Guzman,HCHII,-,-,16/04/2011,9.9,1.75,504,92,4.6,31,0.660581413,0.120582322,FALSE,14.28,0.06,10.88,0.04,7.78,0.02,3.4,3.1,40.32,4.1,89.62,5,128.2,6.1,225.18,6,93.3,6,324,6,1120,13,1800,19,4.498,0.158,<1.823,-,-1.334,0.369,-3.244,0.009,762.1,143,875.3,89,540,10.6,941.4,160,5.7,0.1,0.03,0.01,0.25,0.360619945,-,-,-,442000000,73000000,3,37000,8.08E-11,1.79E-11,1.79E-11,RMS,-40.38,1.05,CO,2.92,0.3,0.27,-,-,-,-,-,K,2.15E+04,6.50E+03,6.21E+03,Distance ambiguity; Near chosen based upon RMS decision
g338.9196,A,DL,Jet(C),A,27/02/2013,11/09/2011,117.82,17.96,12083,1908,26.2,63,5.521732321,0.871924627,TRUE,15.56,0,12.56,0.08,9.59,0.04,3,2.97,0.88,4.2,8.26,5,20.13,6.1,66.76,6,-,-,-,-,-,-,-,-,8.408,0.023,5.26,0.038,0.285,0.03,-3.59,0.007,-,-,-,-,-,-,-,-,37.8,0.96,0.48,-,-,3.68676,6.68,4.23,-,-,-,4.2,32000,5.91E-11,8.63E-12,8.63E-12,RMS,-64.09,2.82,CO,4.25,0.37,0.37,-,-,-,-,-,K,3.34E+04,7.58E+03,7.58E+03,Distance ambiguity; Near chosen based upon RMS decision
g339.6221,E,DL,Jet(LC),E,27/02/2013,-,19.73,3.24,874,148,7,42,0.45849908,0.077640576,FALSE,15.49,0,12.58,0.05,10.09,0.03,2.91,2.49,5.62,4.1,7.36,5,14.54,6.1,38.59,6,7.53,7,80.5,6,757,21,1910,20,7.28,0.027,3.299,0.135,1.243,0.032,-2.092,0.005,524.8,114,308.9,107,607.9,185,708,210,11.4,-0.17,0.26,-0.33,0.52,12.3872,24.82,15.01,5.6,-,-,2.8,19000,9.77E-11,1.63E-11,1.63E-11,RMS,-33.68,2.93,CO,2.71,0.28,0.38,-,-,-,-,-,K,2.24E+04,5.96E+03,7.32E+03,Distance ambiguity; Near chosen based upon RMS decision
g339.6221,W,-,Lobe,E,27/02/2013,-,19.73,3.24,874,148,1.82,42,1.031622929,0.174691297,FALSE,15.49,0,12.58,0.05,10.09,0.03,2.91,2.49,-,-,-,-,-,-,-,-,-,-,-,-,-,-,-,-,-,-,-,-,-,-,-,-,-,-,-,-,-,-,-,-,-,-1.05,0.88,-,-,1.02704,-,-,5.6,-,-,2.8,19000,-,-,-,-,-33.68,2.93,CO,2.71,0.28,0.38,-,-,-,-,-,K,,,,Distance ambiguity; Near chosen based upon RMS decision
g339.8838,C,DL,Jet(L),C,27/02/2013,16/04/2011,47.67,7.43,1949,315,5.68,54,1.391657762,0.224921598,FALSE,13.86,0,13.28,0,12.3,0.06,0.58,0.98,1.75,4.1,2.81,5.6,7.48,6.1,68.41,6,<9.93,-,192,6,3440,12,5350,18,8.383,0.024,3.53,0.058,1.36,0.009,-3.318,0.002,3079,229,2132,301,1919,46.2,2873,416,27.3,0.77,0.04,-1.02,0.36,11.5182,33.21,20.02,4.7,-,-,2.7,64000,2.83E-10,1.28E-10,1.28E-10,RMS,-31.97,1.93,CO,2.52,0.34,0.22,-,-,-,-,-,K,5.63E+04,2.95E+04,2.72E+04,Distance ambiguity; Near chosen based upon RMS decision
g339.8838,SW,-,Lobe,C,27/02/2013,16/04/2011,47.67,7.43,1949,315,11.4,54,1.496652517,0.241890992,FALSE,13.86,0,13.28,0,12.3,0.06,0.58,0.98,-,-,-,-,-,-,-,-,-,-,-,-,-,-,-,-,-,-,-,-,-,-,-,-,-,-,-,-,-,-,-,-,-,-0.72,-0.11,1.12,0.13,10.935,-,-,4.7,-,-,2.7,64000,-,-,-,-,-31.97,1.93,CO,2.52,0.34,0.22,-,-,-,-,-,K,-,-,-,Distance ambiguity; Near chosen based upon RMS decision
g339.8838,NE,-,Lobe,C,27/02/2013,16/04/2011,47.67,7.43,1949,315,7.09,54,1.496652517,0.241890992,FALSE,13.86,0,13.28,0,12.3,0.06,0.58,0.98,-,-,-,-,-,-,-,-,-,-,-,-,-,-,-,-,-,-,-,-,-,-,-,-,-,-,-,-,-,-,-,-,-,-0.39,0.07,-0.59,0.07,17.2044,-,-,4.7,-,-,2.7,64000,-,-,-,-,-31.97,1.93,CO,2.52,0.34,0.22,-,-,-,-,-,K,-,-,-,Distance ambiguity; Near chosen based upon RMS decision
g340.0543,D,DL,Jet(C),D,27/02/2013,-,54.3,8.43,4433,712,1.72,71,1.969144925,0.316271416,FALSE,15.95,0.07,15.6,0,14.67,0,0.35,0.93,2.09,4.1,3.57,5.2,7.59,6.1,58.33,6,26.1,8,319,6,4750,10,8540,14,<9.243,-,5.571,0.051,2.932,0.066,-2.458,0.007,2435,264,1286,127,4807,1050,5717,551,37.8,0.39,0.67,-1.43,0.66,31.4792,-,-,11.7,-,-,3.8,29000,6.49E-11,2.16E-11,2.16E-11,RMS_RE,-53,1.8,?,3.79,0.34,0.29,-,-,-,-,-,K,2.91E+04,1.10E+04,1.07E+04,Distance ambiguity; Near chosen based upon RMS decision
g340.0543,E,-,UCHII,-,27/02/2013,-,54.3,8.43,4433,712,7.2,71,0.994118179,0.15966888,FALSE,15.951,0.071,15.599,0,14.669,0,0.352,0.93,-,-,-,-,-,-,-,-,-,-,-,-,-,-,-,-,-,-,-,-,-,-,-,-,-,-,-,-,-,-,-,-,-,-,-,-,-,6214.617888,-,-,11.7,-,-,3.8,58000,1.30E-10,4.33E-11,4.33E-11,RMS_RE,-53,1.8,?,3.79,0.34,0.29,-,-,-,-,-,K,5.83E+04,2.21E+04,2.14E+04,Distance ambiguity; Near chosen based upon RMS decision
g340.2480,A,Guzman,HCHII,-,-,16/04/2011,61.32,9.48,4761,762,9.55,82,0.800437537,0.128110356,FALSE,14.29,0.03,13.87,0.04,13.7,0.08,0.42,0.17,4.03,4.1,9.09,5,13.35,6.1,54.75,6,6.94,11,104,11,1150,25,2570,16,8.412,0.017,6.132,0.02,1.11,0.051,-2.614,0.009,905.3,15.8,646.2,34.5,1048,27.3,1997,249,21.9,-0.31,0.58,0.53,0.3,3.501440337,-,-,7.2,88400000,35900000,3.7,34000,2.06E-11,4.76E-12,4.76E-12,RMS,-50.3,1.8,CS2-1,3.64,0.34,0.3,-,-,-,-,-,K,8.51E+03,2.53E+03,2.42E+03,Distance ambiguity; Near chosen based upon RMS decision
g343.1261,Central,Guzman,Jet(L),Central,-,06/01/2012,67.5,10.41,2945,470,2.72,62,0.913529666,0.14579251,FALSE,17.96,0,15.58,0,13.97,0.08,2.38,1.61,0.4902,4.4,<0.5493,-,0.5236,9.9,15.89,6,<2.55,-,62.3,7,2640,15,6580,11,9.862,0.067,7.335,0.021,4.096,0.033,-1.227,0.012,1952,159,1298,178,5493,1130,8481,1260,57.4,-0.11,0.15,0.16,0.72,0.141256373,52.51,31.6,6.7,321000000,60000000,2.8,66100,2.63E-10,2.69E-11,2.96E-11,RMS,-30.4,1.8,?,2.74,0.29,0.29,-,-,-,-,-,K,6.18E+04,1.45E+04,1.48E+04,Distance ambiguity; Near chosen based upon RMS decision
g343.1261,C,-,Lobe,Central,-,06/01/2012,67.5,10.41,2945,470,9.25,62,1.595181266,0.254579014,FALSE,17.96,0,15.58,0,13.97,0.08,2.38,1.61,-,-,-,-,-,-,-,-,-,-,-,-,-,-,-,-,-,-,-,-,-,-,-,-,-,-,-,-,-,-,-,-,-,-1.37,0.71,-0.61,1.82,0.017313737,-,-,6.7,-,-,2.8,66100,-,-,-,-,-30.4,1.8,?,2.74,0.29,0.29,-,-,-,-,-,K,-,-,-,Distance ambiguity; Near chosen based upon RMS decision
g343.1261,S1,-,Lobe,Central,-,06/01/2012,67.5,10.41,2945,470,12.18,62,1.595181266,0.254579014,FALSE,17.96,0,15.58,0,13.97,0.08,2.38,1.61,-,-,-,-,-,-,-,-,-,-,-,-,-,-,-,-,-,-,-,-,-,-,-,-,-,-,-,-,-,-,-,-,-,-0.45,0.17,0.31,0.26,0.049266413,-,-,6.7,-,-,2.8,66100,-,-,-,-,-30.4,1.8,?,2.74,0.29,0.29,-,-,-,-,-,K,-,-,-,Distance ambiguity; Near chosen based upon RMS decision
g343.1261,S3,-,Lobe,Central,-,06/01/2012,67.5,10.41,2945,470,4.05,62,1.595181266,0.254579014,FALSE,17.96,0,15.58,0,13.97,0.08,2.38,1.61,-,-,-,-,-,-,-,-,-,-,-,-,-,-,-,-,-,-,-,-,-,-,-,-,-,-,-,-,-,-,-,-,-,-1.21,3.41,-,-,0.016281743,-,-,6.7,-,-,2.8,66100,-,-,-,-,-30.4,1.8,?,2.74,0.29,0.29,-,-,-,-,-,K,-,-,-,Distance ambiguity; Near chosen based upon RMS decision
g343.1261,N1,-,Lobe,Central,-,06/01/2012,67.5,10.41,2945,470,8.96,62,1.595181266,0.254579014,FALSE,17.96,0,15.58,0,13.97,0.08,2.38,1.61,-,-,-,-,-,-,-,-,-,-,-,-,-,-,-,-,-,-,-,-,-,-,-,-,-,-,-,-,-,-,-,-,-,-2.48,0.92,-,-,0.040615494,-,-,6.7,-,-,2.8,66100,-,-,-,-,-30.4,1.8,?,2.74,0.29,0.29,-,-,-,-,-,K,-,-,-,Distance ambiguity; Near chosen based upon RMS decision
g343.1261,N2,-,Lobe,Central,-,06/01/2012,67.5,10.41,2945,470,7.39,62,1.595181266,0.254579014,FALSE,17.96,0,15.58,0,13.97,0.08,2.38,1.61,-,-,-,-,-,-,-,-,-,-,-,-,-,-,-,-,-,-,-,-,-,-,-,-,-,-,-,-,-,-,-,-,-,-2.12,1.14,0.91,0.9,0.047701358,-,-,6.7,-,-,2.8,66100,-,-,-,-,-30.4,1.8,?,2.74,0.29,0.29,-,-,-,-,-,K,-,-,-,Distance ambiguity; Near chosen based upon RMS decision
g343.1261,N4,-,Lobe,Central,-,06/01/2012,67.5,10.41,2945,470,3.1,62,1.595181266,0.254579014,FALSE,17.96,0,15.58,0,13.97,0.08,2.38,1.61,-,-,-,-,-,-,-,-,-,-,-,-,-,-,-,-,-,-,-,-,-,-,-,-,-,-,-,-,-,-,-,-,-,-0.67,0.46,-1.48,1.05,0.021609607,-,-,6.7,-,-,2.8,66100,-,-,-,-,-30.4,1.8,?,2.74,0.29,0.29,-,-,-,-,-,K,-,-,-,Distance ambiguity; Near chosen based upon RMS decision
g343.5213,E,-,Lobe,W,27/02/2013,06/01/2012,19.9,3.26,1163,197,6.41,51,0.930995306,0.157700839,FALSE,17.06,0,13.69,0,12,0.06,3.37,1.69,-,-,-,-,-,-,-,-,-,-,-,-,-,-,-,-,-,-,-,-,-,-,-,-,-,-,-,-,-,-,-,-,-,0.04,2.48,-,-,1.45408,-,-,-,-,-,3.2,6700,-,-,-,-,-34.9,2.03,CO,3.05,0.35,0.24,-,-,-,-,-,K,-,-,-,Distance ambiguity; Near chosen based upon RMS decision
g343.5213,W,DL,Jet(LC),W,27/02/2013,06/01/2012,19.9,3.26,1163,197,7.48,51,0.712793281,0.120739705,FALSE,17.06,0,13.69,0,12,0.06,3.37,1.69,1.59,4.1,2.77,5.4,6.93,6.1,47.02,6,-,-,-,-,-,-,-,-,-,-,-,-,-,-,-,-,307,39.1,245.7,2.03,288.9,52,523.4,92.7,17.7,-0.05,0.15,-1.25,1.65,5.8368,11.91,7.61,-,-,-,3.2,6700,4.58E-11,7.57E-12,7.57E-12,RMS,-34.9,2.03,CO,3.05,0.35,0.24,-,-,-,-,-,K,1.33E+04,3.77E+03,3.04E+03,Distance ambiguity; Near chosen based upon RMS decision
g345.4938,C,Guzman,Jet(L),C,-,16/04/2011,142.67,21.69,4538,715,3.75,62,1.881938119,0.296515151,FALSE,15.81,0,12.71,0.18,9.27,0,3.1,3.44,23.7,4.1,54.32,5,111.43,6.1,375.8,6,64.9,10,694,6,9700,13,15200,11,5.573,0.027,<0.344,-,-1.409,0.531,-4.706,0.003,5255,75.4,6546,?,6389,310,10540,339,18.6,0.79,0.05,0.96,0.35,0.048443356,90.56,54.44,5.5,-,-,2.4,150000,7.00E-11,1.05E-11,1.05E-11,RMS,-12.63,1.83,CO,1.47,0.35,0.32,-,-,-,-,-,K,4.73E+03,2.36E+03,2.18E+03,Distance ambiguity; Near chosen on basis of Guzman et al 2018
g345.4938,IW,-,Lobe,C,-,16/04/2011,142.67,21.69,4538,715,3.65,62,3.345667766,0.527138046,FALSE,15.81,0,12.71,0.18,9.27,0,3.1,3.44,-,-,-,-,-,-,-,-,-,-,-,-,-,-,-,-,-,-,-,-,-,-,-,-,-,-,-,-,-,-,-,-,-,-0.03,1.31,0.82,0.52,0.01279868,-,-,5.5,-,-,2.4,150000,-,-,-,-,-12.63,1.83,CO,1.47,0.35,0.32,-,-,-,-,-,K,-,-,-,Distance ambiguity; Near chosen on basis of Guzman et al 2018
g345.4938,IE,-,Lobe,C,-,16/04/2011,142.67,21.69,4538,715,5.81,62,3.345667766,0.527138046,FALSE,15.81,0,12.71,0.18,9.27,0,3.1,3.44,-,-,-,-,-,-,-,-,-,-,-,-,-,-,-,-,-,-,-,-,-,-,-,-,-,-,-,-,-,-,-,-,-,0.07,1.11,<-0.17,-,0.010632744,-,-,5.5,-,-,2.4,150000,-,-,-,-,-12.63,1.83,CO,1.47,0.35,0.32,-,-,-,-,-,K,-,-,-,Distance ambiguity; Near chosen on basis of Guzman et al 2018
g345.4938,OW,-,Lobe,C,-,16/04/2011,142.67,21.69,4538,715,19.54,62,3.345667766,0.527138046,FALSE,15.81,0,12.71,0.18,9.27,0,3.1,3.44,-,-,-,-,-,-,-,-,-,-,-,-,-,-,-,-,-,-,-,-,-,-,-,-,-,-,-,-,-,-,-,-,-,-,-,-,-,#VALUE!,-,-,5.5,-,-,2.4,150000,-,-,-,-,-12.63,1.83,CO,1.47,0.35,0.32,-,-,-,-,-,K,-,-,-,Distance ambiguity; Near chosen on basis of Guzman et al 2018
g345.4938,OE,-,Lobe,C,-,16/04/2011,142.67,21.69,4538,715,31.29,62,3.345667766,0.527138046,TRUE,15.81,0,12.71,0.18,9.27,0,3.1,3.44,-,-,-,-,-,-,-,-,-,-,-,-,-,-,-,-,-,-,-,-,-,-,-,-,-,-,-,-,-,-,-,-,-,-,-,-,-,#VALUE!,-,-,5.5,-,-,2.4,150000,-,-,-,-,-12.63,1.83,CO,1.47,0.35,0.32,-,-,-,-,-,K,-,-,-,Distance ambiguity; Near chosen on basis of Guzman et al 2018
g345.5043,A,DL,Jet(C),A,27/02/2013,06/01/2012,133.92,20.37,3026,477,2.53,109,0.721801155,0.113780288,FALSE,17.75,0,16.49,0,13.23,0.04,1.26,3.26,16.67,4.1,41.36,5,86.66,6.1,182.12,6,68.4,7,539,6,2710,36,<18200,-,7.394,0.02,2.531,0.417,-0.609,0.408,<1.498,-,4171,194,2459,316,2592,172,6312,?,18,0.92,0.1,-,-,6.2,15.62,9.62,-,-,-,2,100000,1.98E-10,1.71E-10,9.25E-11,RMS,-17.85,1.76,CO,2.03,0.28,0.37,-,-,-,-,-,K,2.55E+04,2.31E+04,1.51E+04,Distance ambiguity; Near chosen based upon RMS decision
g345.9561,A,-,UK,-,27/02/2013,11/09/2011,5.98,1.02,206.16,39.99,85.46,34,0.727797872,0.141174995,TRUE,14.41,0.03,10.87,0.03,8.25,0.03,3.54,2.62,4.117,4.1,7.46,5,9.019,6.1,12.09,6,-,-,-,-,-,-,-,-,-,-,-,-,-,-,-,-,25.89,1.24,27.95,3.02,61,5.11,43.85,7.37,-,1.7,0.8,0.69,0.35,0.58125,4.64,3.09,-,-,-,2.5,2400,5.00E-11,1.91E-11,1.91E-11,RMS,-21.89,0.73,CO,2.42,0.23,0.31,-,-,-,-,-,K,9.15E+03,3.91E+03,4.21E+03,Distance ambiguity; Near chosen based upon RMS decision
g348.6972,A,EGO,HII,-,27/02/2013,-,47.36,7.39,2055,332,1.2,38,3.716967939,0.600502849,FALSE,14.14,0.05,12.22,0.03,10.91,0.03,1.92,1.31,2.09,4.1,1.028,8.7,8.53,6.1,60.02,6,7.16,5,17.3,7,27.2,10,141,10,7.887,0.015,6.012,0.022,<-0.727,-,-5.439,?,-,-,-,-,-,-,-,-,6.9,0.28,0.33,-,-,15836.8,-,-,-,165000000,26100000,2.8,130000,3.62E-12,1.18E-10,3.14E-11,RMS,-12.85,2.02,CO,1.84,0.34,0.41,-,-,-,-,-,K,3.83E+02,1.25E+04,3.33E+03,Distance ambiguity; Near chosen based upon RMS decision