Object,Comp,Type,Sample,Core_name,Jet_name,Original_Dist_pc,Original_Dist_pc_err,Original_Dist_ref,Original_L_Bol,Original_L_Bol_ref,F_Bol,F_Bol_err_up,F_Bol_err_low,F_Bol_ref,V_lsr,V_lsr_err,V_lsr_method,Dist_kin,Dist_kin_err_up,Dist_kin_err_low,Dist_other,Dist_other_err_up,Dist_other_err_low,Dist_other_ref,Dist_other_method,Dist_used,AppRatio,L_bol,L_bol_err_up,L_bol_err_low,Notes
G035.1992-01.7424,HII,HII,M,-,-,3270,490,Zhang et al. (2009),170000,RMS,5.047E-10,4.504E-11,4.504E-11,RMS,42.41,3.10,CO,2.66,0.32,0.40,3.27,0.56,0.42,Zhang et al (2009),Maser parallax,O,1.00,1.687E+05,5.970E+04,4.587E+04,
G035.1992-01.7424,B,UK,-,-,-,3270,490,Zhang et al. (2009),-,-,-,-,-,-,42.41,3.10,CO,2.66,0.32,0.40,3.27,0.56,0.42,Zhang et al (2009),Maser parallax,O,-,-,-,-,
G037.4266+01.5183,A,Jet(C),-,-,A,1880,80,Lu et al. (2014),-,-,-,-,-,-,44.10,-,Lopez-Sepulcre et al 2010,-,-,-,1.88,0.08,0.07,Wu et al (2014),Maser parallax,O,-,-,-,-,
G037.4266+01.5183,B,Jet(C),M,-,B,1880,80,Lu et al. (2014),7100,Lu et al (2014); revised with new distance,4.789E-11,1.437E-11,1.437E-11,-,44.30,1.00,Lu et al (2014),2.68,0.36,0.31,1.88,0.08,0.08,Wu et al (2014),Maser parallax,O,1.00,5.291E+03,1.650E+03,1.650E+03,L_Bol taken from Sridharan et al (2002)
G037.4266+01.5183,C,Jet(C),-,-,C,1880,80,Lu et al. (2014),-,-,-,-,-,-,44.10,-,Lopez-Sepulcre et al 2010,-,-,-,1.88,0.08,0.07,Wu et al (2014),Maser parallax,O,-,-,-,-,
G035.1979-00.7427,5,HII,-,-,-,2190,240,Zhang et al. (2009),-,-,-,-,-,-,33.81,2.04,CO,2.11,0.34,0.28,2.19,0.24,0.20,Zhang et al (2009),Maser parallax,O,-,-,-,-,
G035.1979-00.7427,6,HII,-,-,-,2190,240,Zhang et al. (2009),-,-,-,-,-,-,33.81,2.04,CO,2.11,0.34,0.28,2.19,0.24,0.20,Zhang et al (2009),Maser parallax,O,-,-,-,-,
G035.1979-00.7427,7,Jet(L),M,-,7,2190,240,Zhang et al. (2009),35000,RMS,2.070E-10,2.380E-11,2.380E-11,RMS,33.81,2.04,CO,2.11,0.34,0.28,2.19,0.24,0.20,Zhang et al (2009),Maser parallax,O,1.00,3.103E+04,7.680E+03,6.697E+03,
G035.1979-00.7427,8,Lobe,-,-,7,2190,240,Zhang et al. (2009),-,-,-,-,-,-,33.81,2.04,CO,2.11,0.34,0.28,2.19,0.24,0.20,Zhang et al (2009),Maser parallax,O,-,-,-,-,
G035.1979-00.7427,Core A,UK,-,-,-,2190,240,Zhang et al. (2009),-,-,-,-,-,-,33.81,2.04,CO,2.11,0.34,0.28,2.19,0.24,0.20,Zhang et al (2009),Maser parallax,O,-,-,-,-,
G035.1979-00.7427,14,Lobe,-,-,7,2190,240,Zhang et al. (2009),-,-,-,-,-,-,33.81,2.04,CO,2.11,0.34,0.28,2.19,0.24,0.20,Zhang et al (2009),Maser parallax,O,-,-,-,-,
G035.1979-00.7427,15,Lobe,-,-,7,2190,240,Zhang et al. (2009),-,-,-,-,-,-,33.81,2.04,CO,2.11,0.34,0.28,2.19,0.24,0.20,Zhang et al (2009),Maser parallax,O,-,-,-,-,
G035.1979-00.7427,13,UK,-,-,-,2190,240,Zhang et al. (2009),-,-,-,-,-,-,33.81,2.04,CO,2.11,0.34,0.28,2.19,0.24,0.20,Zhang et al (2009),Maser parallax,O,-,-,-,-,
G035.1979-00.7427,4,Lobe,-,-,7,2190,240,Zhang et al. (2009),-,-,-,-,-,-,33.81,2.04,CO,2.11,0.34,0.28,2.19,0.24,0.20,Zhang et al (2009),Maser parallax,O,-,-,-,-,
G035.1979-00.7427,EX-S,Lobe,-,-,7,2190,240,Zhang et al. (2009),-,-,-,-,-,-,33.81,2.04,CO,2.11,0.34,0.28,2.19,0.24,0.20,Zhang et al (2009),Maser parallax,O,-,-,-,-,
G035.1979-00.7427,EX-N,Lobe,-,-,7,2190,240,Zhang et al. (2009),-,-,-,-,-,-,33.81,2.04,CO,2.11,0.34,0.28,2.19,0.24,0.20,Zhang et al (2009),Maser parallax,O,-,-,-,-,
G018.82-00.28,Core,UCHII,I,MM2,-,4600,690,Simon et al (2006),9000,Rathborne (2010),1.359E-11,2.717E-12,2.717E-12,Rathborne et al (2010),63.87,0.59,NH3,4.48,0.35,0.35,4.60,0.69,0.69,Simon et al (2006),Kinematic,K,1.00,8.523E+03,2.163E+03,2.163E+03,
G024.08+00.04,A,UCHII,I,MM1,-,3800,570,Simon et al (2006),15000,Rathborne (2010),3.468E-11,6.936E-12,6.936E-12,Rathborne et al (2010),113.27,3.77,CO,6.39,0.52,0.55,3.80,0.57,0.57,Simon et al (2006),Kinematic,K,1.00,4.426E+04,1.141E+04,1.168E+04,
G024.08+00.04,B1,EG,-,-,-,3800,570,Simon et al (2006),-,-,-,-,-,-,113.27,3.77,CO,6.39,0.52,0.55,3.80,0.57,0.57,Simon et al (2006),Kinematic,K,-,-,-,-,
G024.08+00.04,B2,EG,-,-,-,3800,570,Simon et al (2006),-,-,-,-,-,-,113.27,3.77,CO,6.39,0.52,0.55,3.80,0.57,0.57,Simon et al (2006),Kinematic,K,-,-,-,-,
G024.08+00.04,B3,EG,-,-,-,3800,570,Simon et al (2006),-,-,-,-,-,-,113.27,3.77,CO,6.39,0.52,0.55,3.80,0.57,0.57,Simon et al (2006),Kinematic,K,-,-,-,-,
G024.08+00.04,B,EG,-,-,-,3800,570,Simon et al (2006),-,-,-,-,-,-,113.27,3.77,CO,6.39,0.52,0.55,3.80,0.57,0.57,Simon et al (2006),Kinematic,K,-,-,-,-,
G024.33+00.11,A,Jet,I,MM1,A,6300,945,Simon et al (2006),47387,Rathborne (2010),3.818E-11,7.636E-12,7.636E-12,Rathborne et al (2010),-,-,-,-,-,-,6.30,0.95,0.95,Simon et al (2006),Kinematic,O,1.00,4.736E+04,1.708E+04,1.708E+04,
G024.33+00.11,B,UK,-,-,-,6300,945,Simon et al (2006),-,-,-,-,-,-,52.50,5.10,Simon et al (2006),3.45,0.47,0.34,6.30,0.95,0.95,Simon et al (2006),Kinematic,O,-,#VALUE!,#VALUE!,#VALUE!,
G024.33+00.11,C,UK,I,MM1,-,6300,945,Simon et al (2006),-,-,-,-,-,-,52.50,5.10,Simon et al (2006),3.45,0.47,0.34,6.30,0.95,0.95,Simon et al (2006),Kinematic,O,-,#VALUE!,#VALUE!,#VALUE!,
G024.33+00.11,D,UK,I,MM8,-,6300,945,Simon et al (2006),-,-,-,-,-,-,52.50,5.10,Simon et al (2006),3.45,0.47,0.34,6.30,0.95,0.95,Simon et al (2006),Kinematic,O,-,#VALUE!,#VALUE!,#VALUE!,
G024.60+00.08,A,EG,-,-,-,3600,540,Simon et al (2006) MM1,-,-,-,-,-,-,-,-,-,-,-,-,6.50,0.98,0.98,Simon et al (2006),Kinematic,O,-,-,-,-,
G024.60+00.08,B,Star,-,-,-,6500,975,Simon et al (2006) MM2,151,Rathborne (2010) MM2,2.379E-12,4.757E-13,4.757E-13,Rathborne et al (2010),-,-,-,-,-,-,6.50,0.98,0.98,Simon et al (2006),Kinematic,O,1.00,3.141E+03,1.133E+03,1.133E+03,
G028.28-00.34,HII,CHII,I,MM1,-,3200,480,Simon et al (2006) MM1,4768,Rathborne (2010) MM1,1.489E-11,2.978E-12,2.978E-12,Rathborne et al (2010),47.72,1.78,CO,11.58,0.40,0.36,3.20,0.48,0.48,Simon et al (2006),Kinematic,O,1.00,4.766E+03,1.718E+03,1.718E+03,
G028.28-00.34,A,EG,-,-,-,3200,480,Simon et al (2006) MM3,-,-,-,-,-,-,47.72,1.78,CO,11.58,0.40,0.36,3.20,0.48,0.48,Simon et al (2006),Kinematic,O,-,-,-,-,
G028.37+00.07,A,Jet(C),I,MM1,A,4800,720,Simon et al (2006) MM1,13031,Rathborne (2010) MM1,3.617E-11,7.234E-12,7.234E-12,Rathborne et al (2010),80.04,2.69,CO,4.67,0.51,0.43,4.80,0.72,0.72,Simon et al (2006),Kinematic,K,1.00,2.466E+04,7.302E+03,6.703E+03,
G028.37+00.07,A2,UK,-,MM1,-,4800,720,Simon et al (2006) MM1,13031,Rathborne (2010) MM1,-,-,-,-,80.04,2.69,CO,4.67,0.51,0.43,4.80,0.72,0.72,Simon et al (2006),Kinematic,K,-,-,-,-,
G028.37+00.07,A3,Jet(C),-,MM1,A3,4800,720,Simon et al (2006) MM1,13031,Rathborne (2010) MM1,-,-,-,-,80.04,2.69,CO,4.67,0.51,0.43,4.80,0.72,0.72,Simon et al (2006),Kinematic,K,-,-,-,-,
G028.37+00.07,B,EG,-,-,-,4800,720,Simon et al (2006) MM1,-,-,-,-,-,-,80.04,2.69,CO,4.67,0.51,0.43,4.80,0.72,0.72,Simon et al (2006),Kinematic,K,-,-,-,-,
G028.37+00.07,C,UK,-,-,-,4800,720,Simon et al (2006) MM1,-,-,-,-,-,-,80.04,2.69,CO,4.67,0.51,0.43,4.80,0.72,0.72,Simon et al (2006),Kinematic,K,-,-,-,-,
G028.37+00.07,D,HCHII,I,MM2,-,4800,720,Simon et al (2006) MM1,23329,Rathborne (2010) MM2,3.238E-11,6.476E-12,6.476E-12,Rathborne et al (2010),80.04,2.69,CO,4.67,0.51,0.43,4.80,0.72,0.72,Simon et al (2006),Kinematic,K,1.00,2.207E+04,6.536E+03,6.000E+03,
G028.67+00.13,HII,CHII,I,MM1,-,4800,720,Simon et al (2006) MM1,11997,Rathborne (2010) MM1,1.665E-11,3.330E-12,3.330E-12,Rathborne et al (2010),83.14,3.36,CO,4.85,0.53,0.49,4.80,0.72,0.72,Simon et al (2006),Kinematic,K,1.00,1.224E+04,3.627E+03,3.480E+03,
G033.6437-00.2277,A,Jet(C),M,-,A,4000,700,Fujisawa et al. (2012),14000,Fujisawa et al. (2012),2.798E-11,5.596E-12,5.596E-12,Fujisawa et al (2012),61.20,1.60,Szymczak et al (2007) C18O,3.65,0.40,0.35,4.00,0.70,0.70,Fujisawa et al (2012),Kinematic,K,1.00,1.165E+04,3.457E+03,3.228E+03,
G033.6437-00.2277,B,Evolved,-,-,-,4000,700,Fujisawa et al. (2012),-,-,-,-,-,-,61.20,1.60,Szymczak et al (2007) C18O,3.65,0.40,0.35,4.00,0.70,0.70,Fujisawa et al (2012),Kinematic,K,-,-,-,-,
G033.6437-00.2277,C,EG,-,-,-,4000,700,Fujisawa et al. (2012),-,-,-,-,-,-,61.20,1.60,Szymczak et al (2007) C18O,3.65,0.40,0.35,4.00,0.70,0.70,Fujisawa et al (2012),Kinematic,K,-,-,-,-,
G033.6437-00.2277,D,UK,-,-,-,4000,700,Fujisawa et al. (2012),-,-,-,-,-,-,61.20,1.60,Szymczak et al (2007) C18O,3.65,0.40,0.35,4.00,0.70,0.70,Fujisawa et al (2012),Kinematic,K,-,-,-,-,
G033.66-00.25,,ND,I,-,-,4000,700,Fujisawa et al. (2012),-,-,-,-,-,-,105.90,6.10,Simon et al (2006),8.03,0.51,0.60,7.10,1.07,1.07,Simon et al (2006),Kinematic,O,-,-,-,-,
G033.68-00.26,,ND,I,-,-,4000,700,Fujisawa et al. (2012),-,-,-,-,-,-,105.90,6.10,Simon et al (2006),8.03,0.51,0.60,7.10,1.07,1.07,Simon et al (2006),Kinematic,O,-,-,-,-,
G033.69-00.01,A,UCHII,I,MM2,-,7100,1065,Simon et al (2006) MM2,22373,Rathborne et al. (2010) MM2,1.419E-11,2.838E-12,2.838E-12,Rathborne et al (2010),105.90,6.10,Simon et al (2006),8.03,0.51,0.60,7.10,1.07,1.07,Simon et al (2006),Kinematic,O,1.00,2.860E+04,6.777E+03,7.141E+03,
G041.34-00.14,,ND,-,-,-,11700,700,?,-,-,-,-,-,-,-,-,-,-,-,-,-,-,-,-,-,-,-,-,-,-,
G049.57-00.38,,ND,-,-,-,5400,700,?,-,-,-,-,-,-,-,-,-,-,-,-,-,-,-,-,-,-,-,-,-,-,
G056.3694-00.6333,A,Lobe,-,-,C,5890,700,Kin,8700,RMS,-,-,-,-,32.26,0.55,NH3,6.65,0.63,0.73,5.89,0.70,0.70,RMS,Kinematic,K,-,-,-,-,
G056.3694-00.6333,B,Lobe,-,-,C,5890,700,Kin,8700,RMS,-,-,-,-,32.26,0.55,NH3,6.65,0.63,0.73,5.89,0.70,0.70,RMS,Kinematic,K,-,-,-,-,
G056.3694-00.6333,C,Jet(LC),M,-,C,5890,700,Kin,8700,RMS,5.060E-12,7.700E-13,7.700E-13,RMS,32.26,0.55,NH3,6.65,0.63,0.73,5.89,0.70,0.70,RMS,Kinematic,K,1.00,6.994E+03,1.700E+03,1.868E+03,
G056.3694-00.6333,D,Lobe,-,-,C,5890,700,Kin,-,-,-,-,-,-,32.26,0.55,NH3,6.65,0.63,0.73,5.89,0.70,0.70,RMS,Kinematic,K,-,-,-,-,
G077.5671+03.6911,,ND,M,-,-,5670,700,Kin,4500,RMS,4.540E-12,2.300E-13,2.300E-13,RMS,-21.89,0.81,CO,6.13,0.75,0.82,5.67,0.70,0.70,RMS,Kinematic,K,1.00,5.332E+03,1.332E+03,1.452E+03,
G077.5671+03.6911,A,EG,-,-,-,5670,700,Kin,4500,RMS,-,-,-,-,-21.89,0.81,CO,6.13,0.75,0.82,5.67,0.70,0.70,RMS,Kinematic,K,-,-,-,-,
G078.8699+02.7602,A,Jet,M,-,A,1400,80,Rygl et al. (2012),5972,Aspin et al. (1994),1.065E-10,1.345E-11,1.345E-11,RMS,8.30,1.03,CO,2.82,0.98,0.56,1.40,0.08,0.08,Rygl et al (2012),Maser parallax,O,1.00,6.524E+03,1.111E+03,1.111E+03,
G078.8699+02.7602,B,Jet(C),-,-,B,1400,80,Rygl et al. (2012),528,Aspin et al. (1994),-,-,-,-,8.30,1.03,CO,2.82,0.98,0.56,1.40,0.08,0.08,Rygl et al (2012),Maser parallax,O,-,-,-,-,
G078.8699+02.7602,C,Star,-,-,-,1400,80,Rygl et al. (2012),1080,Lumsden et al. (2012),-,-,-,-,8.30,1.03,CO,2.82,0.98,0.56,1.40,0.08,0.08,Rygl et al (2012),Maser parallax,O,-,-,-,-,
G078.8699+02.7602,D,EG,-,-,-,1400,80,Rygl et al. (2012),-,-,-,-,-,-,8.30,1.03,CO,2.82,0.98,0.56,1.40,0.08,0.08,Rygl et al (2012),Maser parallax,O,-,-,-,-,
G078.8699+02.7602,E,UK,-,-,-,1400,80,Rygl et al. (2012),-,-,-,-,-,-,8.30,1.03,CO,2.82,0.98,0.56,1.40,0.08,0.08,Rygl et al (2012),Maser parallax,O,-,-,-,-,
G079.8855+02.5517,C,Jet(C),-,-,C,1400,80,Rygl et al. (2012),120,RMS,-,-,-,-,5.67,1.47,CO,3.06,0.78,0.83,1.40,0.08,0.08,Rygl et al (2012),Maser parallax,O,-,-,-,-,
G079.8855+02.5517,E,EG,-,-,-,1400,80,Rygl et al. (2012),-,-,-,-,-,-,5.67,1.47,CO,3.06,0.78,0.83,1.40,0.08,0.08,Rygl et al (2012),Maser parallax,O,-,-,-,-,
G079.8855+02.5517,B1,UK,-,-,-,1400,80,Rygl et al. (2012),2200,RMS,-,-,-,-,5.67,1.47,CO,3.06,0.78,0.83,1.40,0.08,0.08,Rygl et al (2012),Maser parallax,O,-,-,-,-,
G079.8855+02.5517,B2,UK,M,-,-,1400,80,Rygl et al. (2012),2200,RMS,3.932E-11,1.325E-11,1.325E-11,RMS,5.67,1.47,CO,3.06,0.78,0.83,1.40,0.08,0.08,Rygl et al (2012),Maser parallax,O,0.90,2.168E+03,7.714E+02,7.714E+02,
G079.8855+02.5517,D,UK,-,-,-,1400,80,Rygl et al. (2012),-,-,-,-,-,-,5.67,1.47,CO,3.06,0.78,0.83,1.40,0.08,0.08,Rygl et al (2012),Maser parallax,O,-,-,-,-,
G081.8652+00.7800,VLA1,Jet(C),-,-,VLA1,1300,70,Rygl et al. (2012),8030,Carrasco-Gonzalez et al. (2010),-,-,-,-,10.13,2.44,CO,2.39,0.85,0.62,1.30,0.07,0.07,Rygl et al (2012),Maser parallax,O,-,-,-,-,
G081.8652+00.7800,VLA2,Jet,-,-,VLA2,1300,70,Rygl et al. (2012),-,-,-,-,-,-,10.13,2.44,CO,2.39,0.85,0.62,1.30,0.07,0.07,Rygl et al (2012),Maser parallax,O,-,-,-,-,
G081.8652+00.7800,VLA3,Jet(L),-,-,VLA3,1300,70,Rygl et al. (2012),320,Persi et al. (2006),-,-,-,-,10.13,2.44,CO,2.39,0.85,0.62,1.30,0.07,0.07,Rygl et al (2012),Maser parallax,O,-,-,-,-,
G081.8652+00.7800,W75NBc,Lobe,-,-,VLA3,1300,70,Rygl et al. (2012),-,-,-,-,-,-,10.13,2.44,CO,2.39,0.85,0.62,1.30,0.07,0.07,Rygl et al (2012),Maser parallax,O,-,-,-,-,
G081.8652+00.7800,W75NBc2,Lobe,-,-,VLA3,1300,70,Rygl et al. (2012),-,-,-,-,-,-,10.13,2.44,CO,2.39,0.85,0.62,1.30,0.07,0.07,Rygl et al (2012),Maser parallax,O,-,-,-,-,
G081.8652+00.7800,VLA4,Lobe,-,-,VLA3,1300,70,Rygl et al. (2012),-,-,-,-,-,-,10.13,2.44,CO,2.39,0.85,0.62,1.30,0.07,0.07,Rygl et al (2012),Maser parallax,O,-,-,-,-,
G081.8652+00.7800,VLA5,Lobe,-,-,VLA3,1300,70,Rygl et al. (2012),-,-,-,-,-,-,10.13,2.44,CO,2.39,0.85,0.62,1.30,0.07,0.07,Rygl et al (2012),Maser parallax,O,-,-,-,-,
G081.8652+00.7800,VLA6,Lobe,-,-,VLA3,1300,70,Rygl et al. (2012),-,-,-,-,-,-,10.13,2.44,CO,2.39,0.85,0.62,1.30,0.07,0.07,Rygl et al (2012),Maser parallax,O,-,-,-,-,
G081.8652+00.7800,VLA7,Lobe,-,-,VLA3,1300,70,Rygl et al. (2012),-,-,-,-,-,-,10.13,2.44,CO,2.39,0.85,0.62,1.30,0.07,0.07,Rygl et al (2012),Maser parallax,O,-,-,-,-,
G081.8652+00.7800,A,Jet(C),M,-,A,1300,70,Rygl et al. (2012),3600,RMS,5.861E-11,5.065E-11,2.736E-11,RMS,10.13,2.44,CO,2.39,0.85,0.62,1.30,0.07,0.07,Rygl et al (2012),Maser parallax,O,1.00,3.096E+03,2.696E+03,1.483E+03,
G081.8652+00.7800,HII,HII,-,-,-,1300,70,Rygl et al. (2012),11000,RMS,-,-,-,-,10.13,2.44,CO,2.39,0.85,0.62,1.30,0.07,0.07,Rygl et al (2012),Maser parallax,O,-,-,-,-,
G083.7071+03.2817,A,Jet,M,-,A,1400,80,Rygl et al. (2012),3900,RMS,6.314E-11,1.797E-11,1.797E-11,RMS,-3.24,1.47,CO,3.14,0.80,1.02,1.40,0.08,0.08,Rygl et al (2012),Maser parallax,O,1.00,3.868E+03,1.186E+03,1.186E+03,
G083.7071+03.2817,B,UK,-,-,B,1400,80,Rygl et al. (2012),3900,RMS,-,-,-,-,-3.24,1.47,CO,3.14,0.80,1.02,1.40,0.08,0.08,Rygl et al (2012),Maser parallax,O,-,-,-,-,
G084.9505-00.6910,A,UK,-,-,A,5460,700,Kin,13000,RMS,-,-,-,-,-34.92,1.45,CO,5.87,0.80,-0.80,5.46,0.70,0.70,RMS,Kinematic,K,-,-,-,-,
G084.9505-00.6910,B,Jet(C),M,-,B,5460,700,Kin,13000,RMS,1.358E-11,1.980E-12,1.980E-12,RMS,-34.92,1.45,CO,5.87,0.80,-0.80,5.46,0.70,0.70,RMS,Kinematic,K,1.00,1.463E+04,4.521E+03,4.521E+03,
G094.2615-00.4116,A1,Jet(L),M,-,A1,5160,700,Kin,9000,RMS,1.088E-11,8.900E-13,8.900E-13,RMS,-46.69,0.82,NH3,5.56,0.83,0.83,5.16,0.70,0.70,RMS,Kinematic,K,1.00,1.051E+04,3.254E+03,3.254E+03,
G094.2615-00.4116,A2,Lobe,-,-,A1,5160,700,Kin,9000,RMS,-,-,-,-,-46.69,0.82,NH3,5.56,0.83,0.83,5.16,0.70,0.70,RMS,Kinematic,K,-,-,-,-,
G094.2615-00.4116,B,EG,-,-,B,5160,700,Kin,-,-,-,-,-,-,-46.69,0.82,NH3,5.56,0.83,0.83,5.16,0.70,0.70,RMS,Kinematic,K,-,-,-,-,
G094.3228-00.1671,A,Jet(C),M,-,A,4400,700,Kin,5700,RMS,9.380E-12,8.300E-13,8.300E-13,RMS,-38.51,1.03,CO,4.83,0.76,0.84,4.40,0.70,0.70,RMS,Kinematic,K,1.00,6.840E+03,2.236E+03,2.455E+03,
G094.4637-00.8043,A,Jet(L),M,-,A,4950,700,Kin,10500,RMS,2.725E-11,3.740E-12,3.740E-12,RMS,-44.53,1.59,CO,5.36,0.76,0.91,4.95,0.70,0.70,RMS,Kinematic,K,1.00,2.447E+04,7.709E+03,8.962E+03,
G094.4637-00.8043,A2,Jet(C),-,-,A2,4950,700,Kin,10500,RMS,-,-,-,-,-44.53,1.59,CO,5.36,0.76,0.91,4.95,0.70,0.70,RMS,Kinematic,K,-,-,-,-,
G094.4637-00.8043,B,Lobe,-,-,A,4950,700,Kin,-,-,-,-,-,-,-44.53,1.59,CO,5.36,0.76,0.91,4.95,0.70,0.70,RMS,Kinematic,K,-,-,-,-,
G094.4637-00.8043,C,Jet(C),-,-,C,4950,700,Kin,-,-,-,-,-,-,-44.53,1.59,CO,5.36,0.76,0.91,4.95,0.70,0.70,RMS,Kinematic,K,-,-,-,-,
G094.4637-00.8043,D,Lobe,-,-,A,4950,700,Kin,-,-,-,-,-,-,-44.53,1.59,CO,5.36,0.76,0.91,4.95,0.70,0.70,RMS,Kinematic,K,-,-,-,-,
G094.4637-00.8043,E,Lobe,-,-,A,4950,700,Kin,-,-,-,-,-,-,-44.53,1.59,CO,5.36,0.76,0.91,4.95,0.70,0.70,RMS,Kinematic,K,-,-,-,-,
G094.6028-01.7966,A,Jet(C),M,-,A,4870,700,Kin,43000,RMS,5.852E-11,9.630E-12,9.630E-12,RMS,-43.90,1.36,CO,5.28,0.83,0.83,3.95,0.41,0.34,Choi et al (2014),Maser parallax,O,1.00,2.854E+04,7.560E+03,6.797E+03,
G100.3779-03.5784,A,Jet,M,-,A,3670,700,Kin,17000,RMS,4.109E-11,1.287E-11,1.287E-11,RMS,-37.46,1.05,CO,4.04,0.79,0.72,3.46,0.20,0.18,Choi et al (2014),Maser parallax,O,1.00,1.538E+04,5.133E+03,5.075E+03,
G100.3779-03.5784,B,HII,-,-,-,3670,700,Kin,-,-,-,-,-,-,-37.46,1.05,CO,4.04,0.79,0.72,3.46,0.20,0.18,Choi et al (2014),Maser parallax,O,-,-,-,-,
G102.8051-00.7184B,,ND,M,-,-,3990,700,Kin,-,-,1.333E-11,1.410E-12,1.410E-12,RMS,-43.46,1.31,CO,4.36,0.78,0.78,3.99,0.70,0.70,RMS,Kinematic,K,0.35,2.772E+03,1.034E+03,1.034E+03,
G102.8051-00.7184B,A,Evolved,-,-,-,3990,700,Kin,-,-,-,-,-,-,-43.46,1.31,CO,4.36,0.78,0.78,3.99,0.70,0.70,RMS,Kinematic,K,-,-,-,-,
G103.8744+01.8558,A,HII,-,-,-,1590,477,Kin,3400,RMS,-,-,-,-,-18.61,0.62,NH3,2.27,0.59,0.86,1.59,0.48,0.48,RMS,Kinematic,K,-,-,-,-,
G103.8744+01.8558,B,Jet(L),M,-,B,1590,477,Kin,3400,RMS,5.872E-11,1.361E-11,1.361E-11,RMS,-18.61,0.62,NH3,2.27,0.59,0.86,1.59,0.48,0.48,RMS,Kinematic,K,1.00,9.458E+03,5.383E+03,7.494E+03,
G103.8744+01.8558,C,Jet(C),-,-,C,1590,477,Kin,-,-,-,-,-,-,-18.61,0.62,NH3,2.27,0.59,0.86,1.59,0.48,0.48,RMS,Kinematic,K,-,-,-,-,
G103.8744+01.8558,D,Lobe,-,-,B,1590,477,Kin,-,-,-,-,-,-,-18.61,0.62,NH3,2.27,0.59,0.86,1.59,0.48,0.48,RMS,Kinematic,K,-,-,-,-,
G103.8744+01.8558,E,Lobe,-,-,B,1590,477,Kin,-,-,-,-,-,-,-18.61,0.62,NH3,2.27,0.59,0.86,1.59,0.48,0.48,RMS,Kinematic,K,-,-,-,-,
G103.8744+01.8558,F,Lobe,-,-,B,1590,477,Kin,-,-,-,-,-,-,-18.61,0.62,NH3,2.27,0.59,0.86,1.59,0.48,0.48,RMS,Kinematic,K,-,-,-,-,
G105.5072+00.2294,A,Jet(C),M,-,A,4570,700,Kin,7000,RMS,1.480E-11,3.210E-12,3.210E-12,RMS,-52.61,1.14,NH3,4.87,0.95,0.80,4.57,0.70,0.70,RMS,Kinematic,K,1.00,1.097E+04,4.897E+03,4.319E+03,
G107.6823-02.2423A,A,Jet(C),M,-,A,4670,700,Kin,4100,RMS,1.213E-11,9.600E-13,9.600E-13,RMS,-55.44,0.88,NH3,5.02,0.88,0.80,4.67,0.70,0.70,RMS,Kinematic,K,0.50,4.777E+03,1.717E+03,1.569E+03,
G107.6823-02.2423A,HII,HII,-,-,-,4670,700,Kin,-,-,-,-,-,-,-55.44,0.88,NH3,5.02,0.88,0.80,4.67,0.70,0.70,RMS,Kinematic,K,-,-,-,-,
G108.1844+05.5187,A,Jet(C),M,-,A,776,104,Rygl et al. (2010),870,Sugitani et al. (1989),4.636E-11,3.709E-11,1.854E-11,Sugitani et al (1989); Updated with Rygl et al (2010) distance;  80%:40% error assumed,-,-,-,-,-,-,0.78,0.10,0.08,Rygl et al (2010),Maser parallax,O,1.00,8.726E+02,7.362E+02,3.957E+02,
G108.1844+05.5187,B,EG,-,-,-,776,104,Rygl et al. (2010),-,-,-,-,-,-,-,-,-,-,-,-,0.78,0.10,0.08,Rygl et al (2010),Maser parallax,O,-,-,-,-,
G108.4714-02.8176,A,DW,M,-,-,4510,700,Kin,5100,RMS,8.090E-12,8.900E-13,8.900E-13,RMS,-53.91,0.90,CO,4.84,0.86,0.79,3.24,0.11,0.10,Choi et al (2014),Maser parallax,O,1.00,2.654E+03,3.432E+02,3.349E+02,
G108.5955+00.4935A,A,ND,M,-,-,4270,700,Kin,3000,RMS,1.838E-11,1.545E-12,1.545E-12,RMS,-51.52,0.80,NH3,4.60,0.85,0.78,2.47,0.22,0.19,Choi et al (2014),Maser parallax,O,0.35,1.227E+03,2.416E+02,2.151E+02,
G108.5955+00.4935A,C,HII,-,-,-,4270,700,Kin,3000,RMS,1.838E-11,1.545E-12,1.545E-12,RMS,-51.52,0.80,NH3,4.60,0.85,0.78,2.47,0.22,0.19,Choi et al (2014),Maser parallax,O,0.35,1.227E+03,2.416E+02,2.151E+02,
G108.5955+00.4935A,B,Jet(C),-,-,B,4270,700,Kin,3200,RMS,1.838E-11,1.545E-12,1.545E-12,RMS,-51.52,0.80,NH3,4.60,0.85,0.78,2.47,0.22,0.19,Choi et al (2014),Maser parallax,O,0.20,7.010E+02,1.381E+02,1.229E+02,
G108.5955+00.4935A,D,Evolved,-,-,-,4270,700,Kin,-,-,-,-,-,-,-51.52,0.80,NH3,4.60,0.85,0.78,2.47,0.22,0.19,Choi et al (2014),Maser parallax,O,-,-,-,-,
G108.7575-00.9863,A,Jet(C),M,-,A,4280,700,Kin,14000,RMS,2.383E-11,2.058E-11,1.112E-11,RMS,-50.84,1.60,CO,4.52,0.85,0.78,4.28,0.70,0.70,RMS,Kinematic,K,1.00,1.522E+04,1.433E+04,8.832E+03,
G108.7575-00.9863,B,UK,-,-,-,4280,700,Kin,-,-,-,-,-,-,-50.84,1.60,CO,4.52,0.85,0.78,4.28,0.70,0.70,RMS,Kinematic,K,-,-,-,-,
G108.7575-00.9863,C,UK,-,-,-,4280,700,Kin,-,-,-,-,-,-,-50.84,1.60,CO,4.52,0.85,0.78,4.28,0.70,0.70,RMS,Kinematic,K,-,-,-,-,
G108.7575-00.9863,D,UK,-,-,-,4280,700,Kin,-,-,-,-,-,-,-50.84,1.60,CO,4.52,0.85,0.78,4.28,0.70,0.70,RMS,Kinematic,K,-,-,-,-,
G108.7575-00.9863,E,UK,-,-,-,4280,700,Kin,-,-,-,-,-,-,-50.84,1.60,CO,4.52,0.85,0.78,4.28,0.70,0.70,RMS,Kinematic,K,-,-,-,-,
G110.0931-00.0641,A1,Lobe,-,-,B,4350,700,Kin,-,-,-,-,-,-,-53.23,0.84,NH3,4.70,0.85,0.78,4.35,0.70,0.70,RMS,Kinematic,K,-,-,-,-,
G110.0931-00.0641,A2,Lobe,-,-,B,4350,700,Kin,-,-,-,-,-,-,-53.23,0.84,NH3,4.70,0.85,0.78,4.35,0.70,0.70,RMS,Kinematic,K,-,-,-,-,
G110.0931-00.0641,B,Jet(L),M,-,B,4350,700,Kin,17001,RMS,2.010E-11,2.420E-12,2.420E-12,RMS,-53.23,0.84,NH3,4.70,0.85,0.78,4.35,0.70,0.70,RMS,Kinematic,K,1.00,1.388E+04,5.291E+03,4.900E+03,
G110.0931-00.0641,C,Lobe,-,-,B,4350,700,Kin,-,-,-,-,-,-,-53.23,0.84,NH3,4.70,0.85,0.78,4.35,0.70,0.70,RMS,Kinematic,K,-,-,-,-,
G110.0931-00.0641,D,HII,-,-,-,4350,700,Kin,-,-,-,-,-,-,-53.23,0.84,NH3,4.70,0.85,0.78,4.35,0.70,0.70,RMS,Kinematic,K,-,-,-,-,
G110.0931-00.0641,E,UK,-,-,-,4350,700,Kin,-,-,-,-,-,-,-53.23,0.84,NH3,4.70,0.85,0.78,4.35,0.70,0.70,RMS,Kinematic,K,-,-,-,-,
G110.0931-00.0641,F,UK,-,-,-,4350,700,Kin,-,-,-,-,-,-,-53.23,0.84,NH3,4.70,0.85,0.78,4.35,0.70,0.70,RMS,Kinematic,K,-,-,-,-,
G111.2348-01.2385,A,Jet(C),M,-,A,4410,700,Kin,42000,RMS,6.919E-11,8.020E-12,8.020E-12,RMS,-54.64,0.97,NH3,4.71,0.86,0.79,3.33,1.23,0.71,Choi et al (2014),Maser parallax,O,1.00,2.398E+04,1.793E+04,1.060E+04,
G111.2552-00.7702,A1,Jet(L),M,-,A1,3550,700,Kin,11000,RMS,2.640E-11,2.281E-11,1.232E-11,RMS,-44.47,0.77,NH3,3.84,0.79,0.73,3.34,0.27,0.23,Choi et al (2014),Maser parallax,O,1.00,9.205E+03,8.092E+03,4.479E+03,
G111.2552-00.7702,A2,Lobe,-,-,A1,3550,700,Kin,11000,RMS,-,-,-,-,-44.47,0.77,NH3,3.84,0.79,0.73,3.55,0.70,0.70,RMS,Kinematic,K,-,-,-,-,
G111.2552-00.7702,B,UK,-,-,-,3550,700,Kin,-,-,-,-,-,-,-44.47,0.77,NH3,3.84,0.79,0.73,3.55,0.70,0.70,RMS,Kinematic,K,-,-,-,-,
G111.2552-00.7702,C,UK,-,-,-,3550,700,Kin,-,-,-,-,-,-,-44.47,0.77,NH3,3.84,0.79,0.73,3.55,0.70,0.70,RMS,Kinematic,K,-,-,-,-,
G111.2552-00.7702,D,UK,-,-,-,3550,700,Kin,-,-,-,-,-,-,-44.47,0.77,NH3,3.84,0.79,0.73,3.55,0.70,0.70,RMS,Kinematic,K,-,-,-,-,
G111.5671+00.7517,A,Jet(L),M,-,A,2650,120,Moscadelli et al (2009),23000,RMS,2.143E-10,1.852E-10,1.000E-10,RMS,-57.14,3.09,CO,5.02,0.85,0.93,2.65,0.12,0.11,Moscadelli et al (2009),Maser parallax,O,1.00,4.703E+04,4.086E+04,2.230E+04,
G111.5671+00.7517,B1,Lobe,-,-,A,2650,120,Moscadelli et al (2009),-,-,-,-,-,-,-57.14,3.09,CO,5.02,0.85,0.93,2.65,0.12,0.11,Moscadelli et al (2009),Maser parallax,O,-,-,-,-,
G111.5671+00.7517,B2,Lobe,-,-,A,2650,120,Moscadelli et al (2009),-,-,-,-,-,-,-57.14,3.09,CO,5.02,0.85,0.93,2.65,0.12,0.11,Moscadelli et al (2009),Maser parallax,O,-,-,-,-,
G111.5671+00.7517,C,Lobe,-,-,A,2650,120,Moscadelli et al (2009),-,-,-,-,-,-,-57.14,3.09,CO,5.02,0.85,0.93,2.65,0.12,0.11,Moscadelli et al (2009),Maser parallax,O,-,-,-,-,
G111.5671+00.7517,D,UK,-,-,-,2650,120,Moscadelli et al (2009),-,-,-,-,-,-,-57.14,3.09,CO,5.02,0.85,0.93,2.65,0.12,0.11,Moscadelli et al (2009),Maser parallax,O,-,-,-,-,
G114.0835+02.8568,A1,UK,M,-,-,4190,700,Kin,7100,RMS,1.303E-11,3.730E-12,3.730E-12,RMS,-53.25,1.13,CO,4.48,0.84,0.77,4.19,0.70,0.70,RMS,Kinematic,K,1.00,8.174E+03,3.856E+03,3.657E+03,
G114.0835+02.8568,A2,UK,-,-,-,4190,700,Kin,7100,RMS,-,-,-,-,-53.25,1.13,CO,4.48,0.84,0.77,4.19,0.70,0.70,RMS,Kinematic,K,-,-,-,-,
G114.0835+02.8568,B,UK,-,-,-,4190,700,Kin,7100,RMS,-,-,-,-,-53.25,1.13,CO,4.48,0.84,0.77,4.19,0.70,0.70,RMS,Kinematic,K,-,-,-,-,
G114.0835+02.8568,C,UK,-,-,-,4190,700,Kin,-,-,-,-,-,-,-53.25,1.13,CO,4.48,0.84,0.77,4.19,0.70,0.70,RMS,Kinematic,K,-,-,-,-,
G114.0835+02.8568,D,UK,-,-,-,4190,700,Kin,-,-,-,-,-,-,-53.25,1.13,CO,4.48,0.84,0.77,4.19,0.70,0.70,RMS,Kinematic,K,-,-,-,-,
G118.6172-01.3312,A,Jet(C),M,-,A,2830,700,Kin,4900,RMS,1.963E-11,2.200E-12,2.200E-12,RMS,-39.06,0.84,CO,3.13,0.72,0.66,2.83,0.70,0.70,RMS,Kinematic,K,1.00,6.011E+03,2.846E+03,2.623E+03,
G118.6172-01.3312,B,UK,-,-,-,2830,700,Kin,4900,RMS,-,-,-,-,-39.06,0.84,CO,3.13,0.72,0.66,2.83,0.70,0.70,RMS,Kinematic,K,-,-,-,-,
G126.7144-00.8220,A,Jet(C),M,-,A,720,216,Kin,1300,RMS,1.597E-10,1.684E-11,1.684E-11,RMS,-13.91,0.67,NH3,1.14,0.39,0.56,0.72,0.22,0.22,RMS,Kinematic,K,1.00,6.487E+03,4.491E+03,6.410E+03,
G126.7144-00.8220,A2,Jet(C),-,-,A2,720,216,Kin,1300,RMS,-,-,-,-,-13.91,0.67,NH3,1.14,0.39,0.56,0.72,0.22,0.22,RMS,Kinematic,K,-,-,-,-,
G133.7150+01.2155,Q1/K2,Lobe,-,-,Q3/K4,1830,140,Imai et al (2000),-,-,-,-,-,-,-38.68,3.20,CO,3.05,0.71,0.71,1.83,0.14,0.14,Imai et al (2000),Maser parallax,O,-,-,-,-,
G133.7150+01.2155,Q2/K3,Jet(C),-,-,Q2/K3,1830,140,Imai et al (2000),14000,Rodon et al (2008); Sub-mm flux ratio,-,-,-,-,-38.68,3.20,CO,3.05,0.71,0.71,1.83,0.14,0.14,Imai et al (2000),Maser parallax,O,-,-,-,-,
G133.7150+01.2155,Q3/K4,Jet(L),-,-,Q3/K4,1830,140,Imai et al (2000),25000,Rodon et al (2008); Sub-mm flux ratio,-,-,-,-,-38.68,3.20,CO,3.05,0.71,0.71,1.83,0.14,0.14,Imai et al (2000),Maser parallax,O,-,-,-,-,
G133.7150+01.2155,Q4/K6,Jet(C),-,-,Q4/K6,1830,140,Imai et al (2000),15000,Rodon et al (2008); Sub-mm flux ratio,-,-,-,-,-38.68,3.20,CO,3.05,0.71,0.71,1.83,0.14,0.14,Imai et al (2000),Maser parallax,O,-,-,-,-,
G133.7150+01.2155,Q4b,Lobe,-,-,Q5/K7,1830,140,Imai et al (2000),-,-,-,-,-,-,-38.68,3.20,CO,3.05,0.71,0.71,1.83,0.14,0.14,Imai et al (2000),Maser parallax,O,-,-,-,-,
G133.7150+01.2155,Q5/K7,Jet(L),M,-,Q5/K7,1830,140,Imai et al (2000),73000,Rodon et al (2008); Sub-mm flux ratio,1.831E-09,1.582E-09,8.546E-10,RMS,-38.68,3.20,CO,3.05,0.71,0.71,1.83,0.14,0.14,Imai et al (2000),Maser parallax,O,1.00,1.916E+05,1.682E+05,9.413E+04,
G133.7150+01.2155,Q6/K5,Jet(LC),-,-,Q6/K5,1830,140,Imai et al (2000),-,-,-,-,-,-,-38.68,3.20,CO,3.05,0.71,0.71,1.83,0.14,0.14,Imai et al (2000),Maser parallax,O,-,-,-,-,
G133.7150+01.2155,Q7,Lobe,-,-,Q5/K7,1830,140,Imai et al (2000),-,-,-,-,-,-,-38.68,3.20,CO,3.05,0.71,0.71,1.83,0.14,0.14,Imai et al (2000),Maser parallax,O,-,-,-,-,
G133.7150+01.2155,Q8,Lobe,-,-,Q5/K7,1830,140,Imai et al (2000),-,-,-,-,-,-,-38.68,3.20,CO,3.05,0.71,0.71,1.83,0.14,0.14,Imai et al (2000),Maser parallax,O,-,-,-,-,
G133.7150+01.2155,K8,Lobe,-,-,Q5/K7,1830,140,Imai et al (2000),-,-,-,-,-,-,-38.68,3.20,CO,3.05,0.71,0.71,1.83,0.14,0.14,Imai et al (2000),Maser parallax,O,-,-,-,-,
G133.7150+01.2155,Q9,Lobe,-,-,Q5/K7,1830,140,Imai et al (2000),-,-,-,-,-,-,-38.68,3.20,CO,3.05,0.71,0.71,1.83,0.14,0.14,Imai et al (2000),Maser parallax,O,-,-,-,-,
G133.7150+01.2155,Q10,Lobe,-,-,Q6/K5,1830,140,Imai et al (2000),-,-,-,-,-,-,-38.68,3.20,CO,3.05,0.71,0.71,1.83,0.14,0.14,Imai et al (2000),Maser parallax,O,-,-,-,-,
G133.7150+01.2155,C1,Lobe,-,-,Q5/K7,1830,140,Imai et al (2000),-,-,-,-,-,-,-38.68,3.20,CO,3.05,0.71,0.71,1.83,0.14,0.14,Imai et al (2000),Maser parallax,O,-,-,-,-,
G133.7150+01.2155,A,HII,-,-,-,1830,140,Imai et al (2000),-,-,-,-,-,-,-38.68,3.20,CO,3.05,0.71,0.71,1.83,0.14,0.14,Imai et al (2000),Maser parallax,O,-,-,-,-,
G133.7150+01.2155,B,HII,-,-,-,1830,140,Imai et al (2000),-,-,-,-,-,-,-38.68,3.20,CO,3.05,0.71,0.71,1.83,0.14,0.14,Imai et al (2000),Maser parallax,O,-,-,-,-,
G133.7150+01.2155,QE1,UK,-,-,-,1830,140,Imai et al (2000),-,-,-,-,-,-,-38.68,3.20,CO,3.05,0.71,0.71,1.83,0.14,0.14,Imai et al (2000),Maser parallax,O,-,-,-,-,
G133.7150+01.2155,QE2,UK,-,-,-,1830,140,Imai et al (2000),-,-,-,-,-,-,-38.68,3.20,CO,3.05,0.71,0.71,1.83,0.14,0.14,Imai et al (2000),Maser parallax,O,-,-,-,-,
G134.2792+00.8561,A,Jet(C),M,-,A,2040,70,Hachisuka (2006),5700,RMS,2.534E-11,8.230E-12,8.230E-12,RMS,-51.49,0.87,CO,4.30,0.99,0.71,2.04,0.07,0.07,Hachisuka et al (2006),Maser parallax,O,1.00,3.296E+03,1.094E+03,1.094E+03,
G134.2792+00.8561,B,UK,-,-,-,2040,70,Hachisuka (2006),5700,RMS,-,-,-,-,-51.49,0.87,CO,4.30,0.99,0.71,2.04,0.07,0.07,Hachisuka et al (2006),Maser parallax,O,-,-,-,-,
G134.2792+00.8561,C,EG,-,-,-,2040,70,Hachisuka (2006),-,-,-,-,-,-,-51.49,0.87,CO,4.30,0.99,0.71,2.04,0.07,0.07,Hachisuka et al (2006),Maser parallax,O,-,-,-,-,
G136.3833+02.2666,A,Jet(C),M,-,A,3250,700,Kin,7800,RMS,1.999E-11,3.250E-12,3.250E-12,RMS,-42.54,0.84,NH3,3.39,0.86,0.56,3.25,0.70,0.70,RMS,Kinematic,K,1.00,7.180E+03,3.826E+03,2.644E+03,
G136.3833+02.2666,B,HII,-,-,-,3250,700,Kin,7800,RMS,-,-,-,-,-42.54,0.84,NH3,3.39,0.86,0.56,3.25,0.70,0.70,RMS,Kinematic,K,-,-,-,-,
G136.3833+02.2666,C,UK,-,-,-,3250,700,Kin,-,-,-,-,-,-,-42.54,0.84,NH3,3.39,0.86,0.56,3.25,0.70,0.70,RMS,Kinematic,K,-,-,-,-,
G136.3833+02.2666,D,UK,-,-,-,3250,700,Kin,-,-,-,-,-,-,-42.54,0.84,NH3,3.39,0.86,0.56,3.25,0.70,0.70,RMS,Kinematic,K,-,-,-,-,
G136.3833+02.2666,E,UK,-,-,-,3250,700,Kin,-,-,-,-,-,-,-42.54,0.84,NH3,3.39,0.86,0.56,3.25,0.70,0.70,RMS,Kinematic,K,-,-,-,-,
G138.2957+01.5552,A,Jet(L),M,-,A,2890,700,Kin,17000,RMS,5.465E-11,9.320E-12,9.320E-12,RMS,-38.22,0.70,NH3,3.17,0.70,0.64,2.89,0.70,0.70,RMS,Kinematic,K,1.00,1.717E+04,8.126E+03,7.524E+03,
G138.2957+01.5552,B,Lobe,-,-,A,2890,700,Kin,17000,RMS,-,-,-,-,-38.22,0.70,NH3,3.17,0.70,0.64,2.89,0.70,0.70,RMS,Kinematic,K,-,-,-,-,
G138.2957+01.5552,HII,HII,-,-,-,2890,700,Kin,-,-,-,-,-,-,-38.22,0.70,NH3,3.17,0.70,0.64,2.89,0.70,0.70,RMS,Kinematic,K,-,-,-,-,
G138.2957+01.5552,C,Evolved,-,-,-,2890,700,Kin,-,-,-,-,-,-,-38.22,0.70,NH3,3.17,0.70,0.64,2.89,0.70,0.70,RMS,Kinematic,K,-,-,-,-,
G138.2957+01.5552,D,Evolved,-,-,-,2890,700,Kin,-,-,-,-,-,-,-38.22,0.70,NH3,3.17,0.70,0.64,2.89,0.70,0.70,RMS,Kinematic,K,-,-,-,-,
G138.2957+01.5552,E,Evolved,-,-,-,2890,700,Kin,-,-,-,-,-,-,-38.22,0.70,NH3,3.17,0.70,0.64,2.89,0.70,0.70,RMS,Kinematic,K,-,-,-,-,
G139.9091+00.1969A,A,DW,M,-,A,3160,700,Kin,11000,RMS,6.753E-11,1.561E-11,1.561E-11,RMS,-39.51,1.03,CO,3.41,0.73,0.73,3.16,0.70,0.70,RMS,Kinematic,K,0.50,1.227E+04,5.971E+03,5.971E+03,
G139.9091+00.1969A,Ab,UK,-,-,A,3160,700,Kin,11000,RMS,-,-,-,-,-39.51,1.03,CO,3.41,0.73,0.73,3.16,0.70,0.70,RMS,Kinematic,K,-,-,-,-,
G139.9091+00.1969A,Ac,UK,-,-,A,3160,700,Kin,11000,RMS,-,-,-,-,-39.51,1.03,CO,3.41,0.73,0.73,3.16,0.70,0.70,RMS,Kinematic,K,-,-,-,-,
G139.9091+00.1969A,B,Jet(C),-,-,B,3160,700,Kin,-,-,-,-,-,-,-39.51,1.03,CO,3.41,0.73,0.73,3.16,0.70,0.70,RMS,Kinematic,K,-,-,-,-,
G139.9091+00.1969A,HII,HII,-,-,-,3160,700,Kin,10000,RMS,-,-,-,-,-39.51,1.03,CO,3.41,0.73,0.73,3.16,0.70,0.70,RMS,Kinematic,K,-,-,-,-,
G141.9996+01.8202,A,Jet(C),M,-,A,750,225,Kin,5500,RMS,7.259E-11,8.510E-12,8.510E-12,RMS,-13.14,0.91,NH3,0.97,0.46,0.40,0.75,0.23,0.23,RMS,Kinematic,K,1.00,2.135E+03,2.040E+03,1.778E+03,
G141.9996+01.8202,B,UK,-,-,-,750,225,Kin,-,-,-,-,-,-,-13.14,0.91,NH3,0.97,0.46,0.40,0.75,0.23,0.23,RMS,Kinematic,K,-,-,-,-,
G141.9996+01.8202,C,UK,-,-,-,750,225,Kin,-,-,-,-,-,-,-13.14,0.91,NH3,0.97,0.46,0.40,0.75,0.23,0.23,RMS,Kinematic,K,-,-,-,-,
G143.8118-01.5699,A,Jet(C),M,-,A,2440,700,Kin,9200,RMS,4.981E-11,5.000E-12,5.000E-12,RMS,-31.06,0.91,CO,2.58,0.76,0.49,2.44,0.70,0.70,RMS,Kinematic,K,1.00,1.036E+04,6.193E+03,4.072E+03,
G143.8118-01.5699,B,UK,-,-,-,2440,700,Kin,-,-,-,-,-,-,-31.06,0.91,CO,2.58,0.76,0.49,2.44,0.70,0.70,RMS,Kinematic,K,-,-,-,-,
G143.8118-01.5699,C,UK,-,-,-,2440,700,Kin,-,-,-,-,-,-,-31.06,0.91,CO,2.58,0.76,0.49,2.44,0.70,0.70,RMS,Kinematic,K,-,-,-,-,
G148.1201+00.2928,A,Jet(C),M,-,A,3180,700,Kin,3400,RMS,1.229E-11,3.050E-12,3.050E-12,RMS,-34.04,1.20,CO,3.22,0.89,0.57,3.18,0.70,0.70,RMS,Kinematic,K,1.00,3.983E+03,2.413E+03,1.722E+03,
G148.1201+00.2928,A2,UK,-,-,-,3180,700,Kin,-,-,-,-,-,-,-34.04,1.20,CO,3.22,0.89,0.57,3.18,0.70,0.70,RMS,Kinematic,K,-,-,-,-,
G148.1201+00.2928,B,UK,-,-,-,3180,700,Kin,-,-,-,-,-,-,-34.04,1.20,CO,3.22,0.89,0.57,3.18,0.70,0.70,RMS,Kinematic,K,-,-,-,-,
G148.1201+00.2928,C,UK,-,-,-,3180,700,Kin,-,-,-,-,-,-,-34.04,1.20,CO,3.22,0.89,0.57,3.18,0.70,0.70,RMS,Kinematic,K,-,-,-,-,
G148.1201+00.2928,D,UK,-,-,-,3180,700,Kin,-,-,-,-,-,-,-34.04,1.20,CO,3.22,0.89,0.57,3.18,0.70,0.70,RMS,Kinematic,K,-,-,-,-,
G160.1452+03.1559,A,Jet,M,-,A,1940,700,Kin,2100,RMS,1.760E-11,3.640E-12,3.640E-12,RMS,-16.70,1.30,CO,2.05,0.80,0.46,1.94,0.70,0.70,RMS,Kinematic,K,1.00,2.312E+03,1.867E+03,1.142E+03,
G160.1452+03.1559,B,UK,-,-,-,1940,700,Kin,-,-,-,-,-,-,-16.70,1.30,CO,2.05,0.80,0.46,1.94,0.70,0.70,RMS,Kinematic,K,-,-,-,-,
G173.4839+02.4317,A1,HII,M,-,-,2000,600,Kawamura (1998),2900,RMS,2.308E-11,1.995E-11,1.077E-11,RMS,-17.70,0.72,NH3,13.56,6.20,4.04,2.00,0.60,0.60,Kawamura et al (1998),Other,O,1.00,2.886E+03,3.036E+03,2.193E+03,
G173.4839+02.4317,A2,UK,-,-,-,2000,600,Kawamura (1998),2900,RMS,-,-,-,-,-17.70,0.72,NH3,13.56,6.20,4.04,2.00,0.60,0.60,Kawamura et al (1998),Other,O,-,-,-,-,
G173.4839+02.4317,B,UK,-,-,-,2000,600,Kawamura (1998),-,-,-,-,-,-,-17.70,0.72,NH3,13.56,6.20,4.04,2.00,0.60,0.60,Kawamura et al (1998),Other,O,-,-,-,-,
G173.4839+02.4317,C,UK,-,-,-,2000,600,Kawamura (1998),-,-,-,-,-,-,-17.70,0.72,NH3,13.56,6.20,4.04,2.00,0.60,0.60,Kawamura et al (1998),Other,O,-,-,-,-,
G173.4839+02.4317,D,UK,-,-,-,2000,600,Kawamura (1998),-,-,-,-,-,-,-17.70,0.72,NH3,13.56,6.20,4.04,2.00,0.60,0.60,Kawamura et al (1998),Other,O,-,-,-,-,
G173.4839+02.4317,E1,Jet(LC),-,-,E1,2000,600,Kawamura (1998),7600,RMS,6.060E-11,1.073E-11,1.073E-11,RMS,-17.70,0.72,NH3,13.56,6.20,4.04,2.00,0.60,0.60,Kawamura et al (1998),Other,O,1.00,7.577E+03,4.740E+03,4.740E+03,
G173.4839+02.4317,E2,Lobe,-,-,E1,2000,600,Kawamura (1998),7600,RMS,-,-,-,-,-17.70,0.72,NH3,13.56,6.20,4.04,2.00,0.60,0.60,Kawamura et al (1998),Other,O,-,-,-,-,
G173.4839+02.4317,E3,Lobe,-,-,E1,2000,600,Kawamura (1998),7600,RMS,-,-,-,-,-17.70,0.72,NH3,13.56,6.20,4.04,2.00,0.60,0.60,Kawamura et al (1998),Other,O,-,-,-,-,
G173.4839+02.4317,E4,Lobe,-,-,E1,2000,600,Kawamura (1998),7600,RMS,-,-,-,-,-17.70,0.72,NH3,13.56,6.20,4.04,2.00,0.60,0.60,Kawamura et al (1998),Other,O,-,-,-,-,
G173.4839+02.4317,E5,Lobe,-,-,E1,2000,600,Kawamura (1998),7600,RMS,-,-,-,-,-17.70,0.72,NH3,13.56,6.20,4.04,2.00,0.60,0.60,Kawamura et al (1998),Other,O,-,-,-,-,
G173.4839+02.4317,E6,Lobe,-,-,E1,2000,600,Kawamura (1998),7600,RMS,-,-,-,-,-17.70,0.72,NH3,13.56,6.20,4.04,2.00,0.60,0.60,Kawamura et al (1998),Other,O,-,-,-,-,
G173.4839+02.4317,F,UK,-,-,-,2000,600,Kawamura (1998),-,-,-,-,-,-,-17.70,0.72,NH3,13.56,6.20,4.04,2.00,0.60,0.60,Kawamura et al (1998),Other,O,-,-,-,-,
G173.4839+02.4317,G,Star,-,-,-,2000,600,Kawamura (1998),-,-,-,-,-,-,-17.70,0.72,NH3,13.56,6.20,4.04,2.00,0.60,0.60,Kawamura et al (1998),Other,O,-,-,-,-,
G174.1974-00.0763,A,HII,M,-,-,2140,51,Burns (2017),6800,RMS (revised with Burns dist),4.725E-11,1.443E-11,1.443E-11,RMS,-3.64,0.90,NH3,1.32,1.21,0.81,2.14,0.05,0.05,Burns et al (2017),Maser parallax,O,1.00,6.763E+03,2.091E+03,2.091E+03,
G174.1974-00.0763,B,Jet,-,-,B,2140,51,Burns (2017),3300,Palau (2011),-,-,-,-,-3.64,0.90,NH3,1.32,1.21,0.81,2.14,0.05,0.05,Burns et al (2017),Maser parallax,O,-,-,-,-,
G174.1974-00.0763,C,Star,-,-,-,2140,51,Burns (2017),-,-,-,-,-,-,-3.64,0.90,NH3,1.32,1.21,0.81,2.14,0.05,0.05,Burns et al (2017),Maser parallax,O,-,-,-,-,
G177.7291-00.3358,A,Jet(C),M,-,A,2000,600,Kawamura (1998),2300,RMS,3.003E-11,2.650E-12,2.650E-12,RMS,-16.31,0.81,CO,-,-,-,2.00,0.60,0.60,Kawamura et al (1998),Kinematic (Not Maser),O,1.00,3.755E+03,2.277E+03,2.277E+03,
G177.7291-00.3358,B,UK,-,-,-,2000,600,Kawamura (1998),-,-,-,-,-,-,-16.31,0.81,CO,-,-,-,2.00,0.60,0.60,Kawamura et al (1998),Kinematic (Not Maser),O,-,-,-,-,
G183.3485-00.5751,A,Jet(C),M,-,A,2000,600,Kawamura (1998),3800,RMS,3.332E-11,5.120E-12,5.120E-12,RMS,-,-,-,-,-,-,2.00,0.60,0.60,Kawamura et al (1998),Kinematic,O,1.00,4.166E+03,2.580E+03,2.580E+03,
G183.3485-00.5751,B,Star,-,-,-,2000,600,Kawamura (1998),-,-,-,-,-,-,-,-,-,-,-,-,2.00,0.60,0.60,Kawamura et al (1998),Kinematic,O,-,-,-,-,
G188.9479+00.8871,A,Jet(C),M,-,A,1760,110,Oh et al. (2010),7040,Minier et al. (2005),7.558E-11,6.640E-12,6.640E-12,RMS,-,-,-,-,-,-,2.10,0.03,0.03,Choi et al (2014),Maser parallax,O,1.00,1.042E+04,9.624E+02,9.624E+02,
G188.9479+00.8871,B1,Jet(LC),-,-,B1,1760,110,Oh et al. (2010),23680,Minier et al. (2005),-,-,-,-,-,-,-,-,-,-,2.10,0.03,0.03,Choi et al (2014),Maser parallax,O,-,-,-,-,
G188.9479+00.8871,B2,Lobe,-,-,B1,1760,110,Oh et al. (2010),-,-,-,-,-,-,-,-,-,-,-,-,2.10,0.03,0.03,Choi et al (2014),Maser parallax,O,-,-,-,-,
G188.9479+00.8871,C,Star,-,-,-,1760,110,Oh et al. (2010),-,-,-,-,-,-,-,-,-,-,-,-,2.10,0.03,0.03,Choi et al (2014),Maser parallax,O,-,-,-,-,
G188.9479+00.8871,D,HII,-,-,-,1760,110,Oh et al. (2010),-,-,-,-,-,-,-,-,-,-,-,-,2.10,0.03,0.03,Choi et al (2014),Maser parallax,O,-,-,-,-,
G189.0307+00.7821,A1,Jet(LC),M,-,A1,2000,600,Kawamura (1998),24000,RMS,1.597E-10,2.948E-11,2.948E-11,RMS,-,-,-,-,-,-,2.00,0.60,0.60,Kawamura et al (1998),Kinematic,O,1.00,1.997E+04,1.253E+04,1.253E+04,
G189.0307+00.7821,A2,Lobe,-,-,A1,2000,600,Kawamura (1998),24000,RMS,-,-,-,-,-,-,-,-,-,-,2.00,0.60,0.60,Kawamura et al (1998),Kinematic,O,-,-,-,-,
G189.0307+00.7821,B,Lobe,-,-,C,2000,600,Kawamura (1998),-,-,-,-,-,-,-,-,-,-,-,-,2.00,0.60,0.60,Kawamura et al (1998),Kinematic,O,-,-,-,-,
G189.0307+00.7821,C,Jet(LC),-,-,C,2000,600,Kawamura (1998),-,-,-,-,-,-,-,-,-,-,-,-,2.00,0.60,0.60,Kawamura et al (1998),Kinematic,O,-,-,-,-,
G189.0307+00.7821,D,UK,-,-,-,2000,600,Kawamura (1998),-,-,-,-,-,-,-,-,-,-,-,-,2.00,0.60,0.60,Kawamura et al (1998),Kinematic,O,-,-,-,-,
G189.0307+00.7821,E,UK,-,-,-,2000,600,Kawamura (1998),-,-,-,-,-,-,-,-,-,-,-,-,2.00,0.60,0.60,Kawamura et al (1998),Kinematic,O,-,-,-,-,
G189.0307+00.7821,F,Star,-,-,-,2000,600,Kawamura (1998),-,-,-,-,-,-,-,-,-,-,-,-,2.00,0.60,0.60,Kawamura et al (1998),Kinematic,O,-,-,-,-,
G192.6005-00.0479,A,Jet(L),M,-,A,1780,120,Burns (2016),36000,RMS,2.856E-10,3.416E-11,3.416E-11,RMS,7.45,1.57,CO,1.23,0.76,0.51,1.78,0.12,0.12,Burns et al (2017),Maser parallax,O,1.00,2.828E+04,5.098E+03,5.098E+03,
G192.6005-00.0479,B,UK,-,-,-,1780,120,Burns (2016),-,-,-,-,-,-,7.45,1.57,CO,1.23,0.76,0.51,1.78,0.12,0.12,Burns et al (2017),Maser parallax,O,-,-,-,-,
G192.6005-00.0479,C,Lobe,-,-,A,1780,120,Burns (2016),36000,RMS,-,-,-,-,7.45,1.57,CO,1.23,0.76,0.51,1.78,0.12,0.12,Burns et al (2017),Maser parallax,O,-,-,-,-,
G192.6005-00.0479,D,Lobe,-,-,A,1780,120,Burns (2016),36000,RMS,-,-,-,-,7.45,1.57,CO,1.23,0.76,0.51,1.78,0.12,0.12,Burns et al (2017),Maser parallax,O,-,-,-,-,
G192.6005-00.0479,E,UK,-,-,-,1780,120,Burns (2016),-,-,-,-,-,-,7.45,1.57,CO,1.23,0.76,0.51,1.78,0.12,0.12,Burns et al (2017),Maser parallax,O,-,-,-,-,
G192.6005-00.0479,F,Lobe,-,-,A,1780,120,Burns (2016),36000,RMS,-,-,-,-,7.45,1.57,CO,1.23,0.76,0.51,1.78,0.12,0.12,Burns et al (2017),Maser parallax,O,-,-,-,-,
G192.6005-00.0479,G,Lobe,-,-,A,1780,120,Burns (2016),36000,RMS,-,-,-,-,7.45,1.57,CO,1.23,0.76,0.51,1.78,0.12,0.12,Burns et al (2017),Maser parallax,O,-,-,-,-,
G192.6005-00.0479,H,Star,-,-,-,1780,120,Burns (2016),-,-,-,-,-,-,7.45,1.57,CO,1.23,0.76,0.51,1.78,0.12,0.12,Burns et al (2017),Maser parallax,O,-,-,-,-,
G192.6005-00.0479,I,HII,-,-,-,1780,120,Burns (2016),-,-,-,-,-,-,7.45,1.57,CO,1.23,0.76,0.51,1.78,0.12,0.12,Burns et al (2017),Maser parallax,O,-,-,-,-,
G196.4542-01.6777,A1,Jet(LC),M,-,A1,5280,240,Honma (2007),94000,RMS,1.078E-10,1.315E-11,1.315E-11,RMS,18.06,1.33,CO,2.77,0.98,0.56,5.28,0.24,0.22,Honma et al (2007),Maser parallax,O,1.00,9.393E+04,1.429E+04,1.388E+04,
G196.4542-01.6777,A2,Lobe,-,-,A1,5280,240,Honma (2007),-,-,-,-,-,-,18.06,1.33,CO,2.77,0.98,0.56,5.28,0.24,0.22,Honma et al (2007),Maser parallax,O,-,-,-,-,
G196.4542-01.6777,B,HII,-,-,-,5280,240,Honma (2007),-,-,-,-,-,-,18.06,1.33,CO,2.77,0.98,0.56,5.28,0.24,0.22,Honma et al (2007),Maser parallax,O,-,-,-,-,
G196.4542-01.6777,C,Star,-,-,-,5280,240,Honma (2007),-,-,-,-,-,-,18.06,1.33,CO,2.77,0.98,0.56,5.28,0.24,0.22,Honma et al (2007),Maser parallax,O,-,-,-,-,
G196.4542-01.6777,D,Star,-,-,-,5280,240,Honma (2007),-,-,-,-,-,-,18.06,1.33,CO,2.77,0.98,0.56,5.28,0.24,0.22,Honma et al (2007),Maser parallax,O,-,-,-,-,
